OID,Join_Count,Dis_slope,TARGET_FID,Join_Cou_1,Dis_aspect,TARGET_F_1,Join_Cou_2,Dis_elev,TARGET_F_2,OBJECTID,COUNTY_NUM,COUNTY_NAM,PHOTO_ANUM,PHOTO_LATI,PHOTO_LONG,PHOTO_FILE,PHOTO_URL,SECURE_PHO,PHOTO_THUM,PHOTO_SPEE,PHOTO_BEAR,ROUTE_NAME,REF_POST,REF_POST_O,PHOTO_FI_1,PHOTO_FI_2,PHOTO_FI_3,GARAGE_NAM,COST_CENTE,MAINT_DIST,SCHOOL_DIS,pointid,Elevation,pointid_1,Aspect,POINT_X,POINT_Y,x,y,pointid_12,Slope,pro_X,pro_Y,Label,Predict,prob_Bare,prob_Partly Snow Coverage,prob_Undefined,prob_Full Snow Coverage,RSI
-1.0,1.0,1.57044729984,3898.0,1.0,0.871050659709,3898.0,1.0,3.09904011142,3898.0,40666.0,20.0,CLARKE,A34363,40.985343,-93.797447,2019-01-12 0:00:00,http://cloud.iowadot.gov/Highway/Photos/Maintenance/MapSnapShots/SnowPlow/2019/1/12/A34363-2019-01-12_07_01_17.jpg,https://cloud.iowadot.gov/Highway/Photos/Maintenance/MapSnapShots/SnowPlow/2019/1/12/A34363-2019-01-12_07_01_17.jpg,http://cloud.iowadot.gov/Highway/Photos/Maintenance/MapSnapShots/SnowPlow/2019/thumb/1/12/A34363-2019-01-12_07_01_17.jpg,29.0,359.0,I 35 N,31.0,0.72,jpg,A34363-2019-01-12_07_01_17.jpg,-06:00,Osceola Garage,555620.0,5.0,CLARKE,1031193.0,35456.0,7280509.0,93.0566025,432918.982641,4537436.16753,-93.7974014,40.9852982,3426457.0,81.6485977,432918.32451630785,4537436.1823951835,NA,Full Snow Coverage,7.424171784883426e-16,7.615508158982653e-13,1.4311592343618958e-14,1.0,0.275
-1.0,1.0,1.58156714489,3906.0,1.0,2.35852734975,3906.0,1.0,2.35852734975,3906.0,40716.0,77.0,POLK,A31644,41.532198,-93.773825,2019-01-12 0:00:00,http://cloud.iowadot.gov/Highway/Photos/Maintenance/MapSnapShots/SnowPlow/2019/1/12/A31644-2019-01-12_07_02_35.jpg,https://cloud.iowadot.gov/Highway/Photos/Maintenance/MapSnapShots/SnowPlow/2019/1/12/A31644-2019-01-12_07_02_35.jpg,http://cloud.iowadot.gov/Highway/Photos/Maintenance/MapSnapShots/SnowPlow/2019/thumb/1/12/A31644-2019-01-12_07_02_35.jpg,34.0,353.0,I 35 N,68.0,-0.55,jpg,A31644-2019-01-12_07_02_35.jpg,-06:00,Martensdale Garage,555691.0,5.0,WEST DES MOINES,717745.0,25130.0,5090206.0,5.45614,435444.982641,4598129.16753,-93.7738037,41.5321999,2385973.0,87.4941025,435446.18081600324,4598127.87277314,Partial Snow Coverage,Partly Snow Coverage,5.7668614772410365e-08,0.9999996423721313,5.742772923866823e-10,4.117447929274931e-07,0.65
-1.0,1.0,1.37997151987,3912.0,1.0,2.02842714141,3912.0,1.0,2.02842714141,3912.0,40755.0,91.0,WARREN,A34362,41.373988,-93.780563,2019-01-12 0:00:00,http://cloud.iowadot.gov/Highway/Photos/Maintenance/MapSnapShots/SnowPlow/2019/1/12/A34362-2019-01-12_07_03_25.jpg,https://cloud.iowadot.gov/Highway/Photos/Maintenance/MapSnapShots/SnowPlow/2019/1/12/A34362-2019-01-12_07_03_25.jpg,http://cloud.iowadot.gov/Highway/Photos/Maintenance/MapSnapShots/SnowPlow/2019/thumb/1/12/A34362-2019-01-12_07_03_25.jpg,26.0,356.0,I 35 N,55.0,-2.536,jpg,A34362-2019-01-12_07_03_25.jpg,-06:00,Martensdale Garage,555691.0,5.0,MARTENSDALE-ST MARYS,942606.0,27197.0,6665600.0,102.9950027,434724.982641,4580567.16753,-93.7806015,41.3740005,3134747.0,78.6968994,434725.6616987261,4580568.526389457,Partial Snow Coverage,Partly Snow Coverage,6.126251173022013e-10,0.9999927282333374,1.5218594162647037e-09,7.264080977620324e-06,0.65
-1.0,1.0,1.52771279225,3914.0,1.0,2.00487740583,3914.0,1.0,2.00487740583,3914.0,40761.0,20.0,CLARKE,A33304,40.950222,-93.799208,2019-01-12 0:00:00,http://cloud.iowadot.gov/Highway/Photos/Maintenance/MapSnapShots/SnowPlow/2019/1/12/A33304-2019-01-12_07_03_36.jpg,https://cloud.iowadot.gov/Highway/Photos/Maintenance/MapSnapShots/SnowPlow/2019/1/12/A33304-2019-01-12_07_03_36.jpg,http://cloud.iowadot.gov/Highway/Photos/Maintenance/MapSnapShots/SnowPlow/2019/thumb/1/12/A33304-2019-01-12_07_03_36.jpg,27.0,3.0,I 35 N,27.0,-0.847,jpg,A33304-2019-01-12_07_03_36.jpg,-06:00,Osceola Garage,555620.0,5.0,CLARKE,1036401.0,35412.0,7316354.0,80.0737991,432735.982641,4533539.16753,-93.799202,40.9501991,3443798.0,37.5349007,432734.52880027343,4533538.739903217,NA,Full Snow Coverage,6.670532876063007e-11,0.00011032148904632777,2.5417715932007923e-08,0.999889612197876,0.275
-1.0,1.0,1.8916715405,3917.0,1.0,1.8739287481,3917.0,1.0,1.8739287481,3917.0,40793.0,27.0,DECATUR,A32918,40.672198,-93.85012,2019-01-12 0:00:00,http://cloud.iowadot.gov/Highway/Photos/Maintenance/MapSnapShots/SnowPlow/2019/1/12/A32918-2019-01-12_07_04_17.jpg,https://cloud.iowadot.gov/Highway/Photos/Maintenance/MapSnapShots/SnowPlow/2019/1/12/A32918-2019-01-12_07_04_17.jpg,http://cloud.iowadot.gov/Highway/Photos/Maintenance/MapSnapShots/SnowPlow/2019/thumb/1/12/A32918-2019-01-12_07_04_17.jpg,35.0,13.0,I 35 N,9.0,0.825,jpg,A32918-2019-01-12_07_04_17.jpg,-06:00,Leon Garage,555627.0,5.0,CENTRAL DECATUR,1078596.0,27991.0,7643350.0,206.5650024,428148.982641,4502717.16753,-93.8500977,40.6721992,3584465.0,33.0583,428150.16222780186,4502716.374748796,NA,Partly Snow Coverage,5.848697128385538e-06,0.8054344058036804,1.481719209550647e-05,0.1945449560880661,0.65
-1.0,1.0,0.202390326368,3924.0,1.0,1.78965741531,3924.0,1.0,1.78965741531,3924.0,40822.0,91.0,WARREN,A34353,41.332317,-93.7797,2019-01-12 0:00:00,http://cloud.iowadot.gov/Highway/Photos/Maintenance/MapSnapShots/SnowPlow/2019/1/12/A34353-2019-01-12_07_04_48.jpg,https://cloud.iowadot.gov/Highway/Photos/Maintenance/MapSnapShots/SnowPlow/2019/1/12/A34353-2019-01-12_07_04_48.jpg,http://cloud.iowadot.gov/Highway/Photos/Maintenance/MapSnapShots/SnowPlow/2019/thumb/1/12/A34353-2019-01-12_07_04_48.jpg,33.0,1.0,I 35 N,54.0,-0.659,jpg,A34353-2019-01-12_07_04_48.jpg,-06:00,Martensdale Garage,555691.0,5.0,INTERSTATE 35,957886.0,26787.0,6776438.0,94.1848984,434754.982641,4575941.16753,-93.7797012,41.3322983,3185439.0,59.7234001,434756.2334741423,4575941.660672539,NA,Bare,0.9587162733078003,0.0412837453186512,1.0638400160800643e-09,3.9351700609029094e-13,0.9
-1.0,1.0,1.41582311078,3941.0,1.0,1.07152116703,3941.0,1.0,2.90040765863,3941.0,40900.0,20.0,CLARKE,A34363,41.02058,-93.793913,2019-01-12 0:00:00,http://cloud.iowadot.gov/Highway/Photos/Maintenance/MapSnapShots/SnowPlow/2019/1/12/A34363-2019-01-12_07_06_17.jpg,https://cloud.iowadot.gov/Highway/Photos/Maintenance/MapSnapShots/SnowPlow/2019/1/12/A34363-2019-01-12_07_06_17.jpg,http://cloud.iowadot.gov/Highway/Photos/Maintenance/MapSnapShots/SnowPlow/2019/thumb/1/12/A34363-2019-01-12_07_06_17.jpg,29.0,359.0,I 35 N,32.0,-0.731,jpg,A34363-2019-01-12_07_06_17.jpg,-06:00,Osceola Garage,555620.0,5.0,CLARKE,1025900.0,33393.0,7235116.0,98.1300964,433251.982641,4541345.16753,-93.7938995,41.0205994,3408739.0,61.8981018,433251.1733477162,4541345.170815811,NA,Full Snow Coverage,6.804299346185871e-10,0.0006986306980252266,1.3952365485181417e-08,0.9993013143539429,0.275
-1.0,1.0,1.92841848569,3954.0,1.0,1.78240611186,3954.0,1.0,1.78240611186,3954.0,40994.0,91.0,WARREN,A34362,41.407527,-93.77993,2019-01-12 0:00:00,http://cloud.iowadot.gov/Highway/Photos/Maintenance/MapSnapShots/SnowPlow/2019/1/12/A34362-2019-01-12_07_08_25.jpg,https://cloud.iowadot.gov/Highway/Photos/Maintenance/MapSnapShots/SnowPlow/2019/1/12/A34362-2019-01-12_07_08_25.jpg,http://cloud.iowadot.gov/Highway/Photos/Maintenance/MapSnapShots/SnowPlow/2019/thumb/1/12/A34362-2019-01-12_07_08_25.jpg,27.0,2.0,I 35 N,59.0,-0.86,jpg,A34362-2019-01-12_07_08_25.jpg,-06:00,Martensdale Garage,555691.0,5.0,MARTENSDALE-ST MARYS,930439.0,29093.0,6580935.0,334.9830017,434811.982641,4584290.16753,-93.7798996,41.4075012,3094570.0,54.0598984,434812.110968541,4584291.494593591,Partial Snow Coverage,Partly Snow Coverage,2.639768612033855e-12,1.0,4.578445370224948e-13,1.182068193328334e-10,0.65
-1.0,1.0,1.45252084295,3956.0,1.0,2.14949050059,3956.0,1.0,3.12680658959,3956.0,41001.0,20.0,CLARKE,A33304,40.983088,-93.797507,2019-01-12 0:00:00,http://cloud.iowadot.gov/Highway/Photos/Maintenance/MapSnapShots/SnowPlow/2019/1/12/A33304-2019-01-12_07_08_36.jpg,https://cloud.iowadot.gov/Highway/Photos/Maintenance/MapSnapShots/SnowPlow/2019/1/12/A33304-2019-01-12_07_08_36.jpg,http://cloud.iowadot.gov/Highway/Photos/Maintenance/MapSnapShots/SnowPlow/2019/thumb/1/12/A33304-2019-01-12_07_08_36.jpg,27.0,359.0,I 35 N,31.0,0.875,jpg,A33304-2019-01-12_07_08_36.jpg,-06:00,Osceola Garage,555620.0,5.0,CLARKE,1031524.0,35434.0,7282830.0,165.9640045,432909.982641,4537187.16753,-93.7975006,40.9831009,3427600.0,25.4111004,432910.9918661812,4537185.899329417,NA,Partly Snow Coverage,3.3686956157907844e-07,0.9994576573371887,8.188847004930722e-07,0.0005411994643509388,0.65
-1.0,1.0,1.96631245596,3957.0,1.0,1.75580611306,3957.0,1.0,1.75580611306,3957.0,41019.0,27.0,DECATUR,A32578,40.58779,-93.923758,2019-01-12 0:00:00,http://cloud.iowadot.gov/Highway/Photos/Maintenance/MapSnapShots/SnowPlow/2019/1/12/A32578-2019-01-12_07_09_04.jpg,https://cloud.iowadot.gov/Highway/Photos/Maintenance/MapSnapShots/SnowPlow/2019/1/12/A32578-2019-01-12_07_09_04.jpg,http://cloud.iowadot.gov/Highway/Photos/Maintenance/MapSnapShots/SnowPlow/2019/thumb/1/12/A32578-2019-01-12_07_09_04.jpg,29.0,40.0,I 35 N,2.0,0.869,jpg,A32578-2019-01-12_07_09_04.jpg,-06:00,Leon Garage,555627.0,5.0,LAMONI,1093709.0,33267.0,7769538.0,153.4349976,421827.982641,4493408.16753,-93.9237976,40.5877991,3634987.0,36.6991997,421828.0221064547,4493409.496488297,NA,Full Snow Coverage,1.0008929449134563e-11,4.407972301123664e-05,2.161046674942213e-09,0.9999558925628662,0.275
-1.0,1.0,2.37418180443,3959.0,1.0,0.496961761612,3959.0,1.0,0.496961761612,3959.0,41035.0,27.0,DECATUR,A32918,40.709545,-93.843612,2019-01-12 0:00:00,http://cloud.iowadot.gov/Highway/Photos/Maintenance/MapSnapShots/SnowPlow/2019/1/12/A32918-2019-01-12_07_09_17.jpg,https://cloud.iowadot.gov/Highway/Photos/Maintenance/MapSnapShots/SnowPlow/2019/1/12/A32918-2019-01-12_07_09_17.jpg,http://cloud.iowadot.gov/Highway/Photos/Maintenance/MapSnapShots/SnowPlow/2019/thumb/1/12/A32918-2019-01-12_07_09_17.jpg,35.0,0.0,I 35 N,10.0,-0.787,jpg,A32918-2019-01-12_07_09_17.jpg,-06:00,Leon Garage,555627.0,5.0,CENTRAL DECATUR,1073016.0,31452.0,7592842.0,299.9320068,428739.982641,4506857.16753,-93.8435974,40.7094994,3565828.0,57.7779999,428740.0069222677,4506856.792516185,NA,Partly Snow Coverage,3.5150489186008826e-09,0.99992835521698,9.677522783135828e-09,7.158429070841521e-05,0.65
-1.0,1.0,1.03941380946,3963.0,1.0,1.26961806024,3963.0,1.0,1.26961806024,3963.0,41062.0,77.0,POLK,A34700,41.5694,-93.776885,2019-01-12 0:00:00,http://cloud.iowadot.gov/Highway/Photos/Maintenance/MapSnapShots/SnowPlow/2019/1/12/A34700-2019-01-12_07_09_49.jpg,https://cloud.iowadot.gov/Highway/Photos/Maintenance/MapSnapShots/SnowPlow/2019/1/12/A34700-2019-01-12_07_09_49.jpg,http://cloud.iowadot.gov/Highway/Photos/Maintenance/MapSnapShots/SnowPlow/2019/thumb/1/12/A34700-2019-01-12_07_09_49.jpg,42.0,358.0,I 35 N,72.0,0.867,jpg,A34700-2019-01-12_07_09_49.jpg,-06:00,Grimes Garage,551808.0,1.0,WEST DES MOINES,689867.0,28177.0,4903370.0,59.7435989,435228.982641,4602260.16753,-93.7769012,41.5694008,2296639.0,35.3578987,435228.0562202907,4602260.381128622,Partial Snow Coverage,Partly Snow Coverage,6.005346222082153e-06,0.9999934434890747,1.2206641031298204e-08,5.584931841440266e-07,0.65
-1.0,1.0,0.720596500423,3976.0,1.0,1.39678407354,3976.0,1.0,24.9484120599,3976.0,41137.0,20.0,CLARKE,A34363,41.054287,-93.781768,2019-01-12 0:00:00,http://cloud.iowadot.gov/Highway/Photos/Maintenance/MapSnapShots/SnowPlow/2019/1/12/A34363-2019-01-12_07_11_17.jpg,https://cloud.iowadot.gov/Highway/Photos/Maintenance/MapSnapShots/SnowPlow/2019/1/12/A34363-2019-01-12_07_11_17.jpg,http://cloud.iowadot.gov/Highway/Photos/Maintenance/MapSnapShots/SnowPlow/2019/thumb/1/12/A34363-2019-01-12_07_11_17.jpg,32.0,4.0,I 35 N,36.0,0.756,jpg,A34363-2019-01-12_07_11_17.jpg,-06:00,Osceola Garage,555620.0,5.0,CLARKE,1020732.0,31105.0,7199805.0,59.6208992,434304.982641,4545077.16753,-93.7817993,41.0542984,3391147.0,54.4748001,434305.8050357379,4545077.824826321,NA,Full Snow Coverage,4.8318811517004956e-14,2.1733539412593927e-08,2.2398022325731404e-10,1.0,0.275
-1.0,1.0,1.08730871132,3989.0,1.0,2.34187862181,3989.0,1.0,2.34187862181,3989.0,41221.0,91.0,WARREN,A33830,41.373313,-93.780478,2019-01-12 0:00:00,http://cloud.iowadot.gov/Highway/Photos/Maintenance/MapSnapShots/SnowPlow/2019/1/12/A33830-2019-01-12_07_13_13.jpg,https://cloud.iowadot.gov/Highway/Photos/Maintenance/MapSnapShots/SnowPlow/2019/1/12/A33830-2019-01-12_07_13_13.jpg,http://cloud.iowadot.gov/Highway/Photos/Maintenance/MapSnapShots/SnowPlow/2019/thumb/1/12/A33830-2019-01-12_07_13_13.jpg,35.0,357.0,I 35 N,55.0,-2.489,jpg,A33830-2019-01-12_07_13_13.jpg,-06:00,Martensdale Garage,555691.0,5.0,MARTENSDALE-ST MARYS,943258.0,26967.0,6670246.0,92.2556992,434730.982641,4580492.16753,-93.7805023,41.3732986,3136913.0,88.2546005,434732.0951050533,4580493.525209014,Partial Snow Coverage,Partly Snow Coverage,4.2158579162787646e-05,0.9998927116394043,3.0233400138968136e-07,6.474881229223683e-05,0.65
-1.0,1.0,2.00123799945,3993.0,1.0,1.82862388218,3993.0,1.0,1.82862388218,3993.0,41233.0,91.0,WARREN,A34362,41.440547,-93.780182,2019-01-12 0:00:00,http://cloud.iowadot.gov/Highway/Photos/Maintenance/MapSnapShots/SnowPlow/2019/1/12/A34362-2019-01-12_07_13_25.jpg,https://cloud.iowadot.gov/Highway/Photos/Maintenance/MapSnapShots/SnowPlow/2019/1/12/A34362-2019-01-12_07_13_25.jpg,http://cloud.iowadot.gov/Highway/Photos/Maintenance/MapSnapShots/SnowPlow/2019/thumb/1/12/A34362-2019-01-12_07_13_25.jpg,28.0,3.0,I 35 N,63.0,0.858,jpg,A34362-2019-01-12_07_13_25.jpg,-06:00,Martensdale Garage,555691.0,5.0,MARTENSDALE-ST MARYS,919788.0,26887.0,6507154.0,199.397995,434823.982641,4587956.16753,-93.7801971,41.4404984,3059307.0,72.3155975,434824.07661035086,4587957.5313553875,Partial Snow Coverage,Partly Snow Coverage,2.826460853561086e-13,1.0,3.4791783440780294e-14,1.692426407351455e-11,0.65
-1.0,1.0,2.15477114671,3996.0,1.0,1.49752439051,3996.0,1.0,3.84791550983,3996.0,41242.0,20.0,CLARKE,A33304,41.01448,-93.795325,2019-01-12 0:00:00,http://cloud.iowadot.gov/Highway/Photos/Maintenance/MapSnapShots/SnowPlow/2019/1/12/A33304-2019-01-12_07_13_36.jpg,https://cloud.iowadot.gov/Highway/Photos/Maintenance/MapSnapShots/SnowPlow/2019/1/12/A33304-2019-01-12_07_13_36.jpg,http://cloud.iowadot.gov/Highway/Photos/Maintenance/MapSnapShots/SnowPlow/2019/thumb/1/12/A33304-2019-01-12_07_13_36.jpg,22.0,15.0,I 35 N,33.0,0.699,jpg,A33304-2019-01-12_07_13_36.jpg,-06:00,Osceola Garage,555620.0,5.0,CLARKE,1026819.0,32646.0,7240859.0,278.2590027,433125.982641,4540670.16753,-93.7953033,41.0144997,3411808.0,74.0588989,433126.287925012,4540669.082380631,Partial Snow Coverage,Partly Snow Coverage,1.2259281367832386e-09,0.9999998807907104,1.798027060573304e-09,8.331348055889976e-08,0.65
-1.0,1.0,1.03175557381,3999.0,1.0,1.21452123794,3999.0,1.0,2.79508320689,3999.0,41266.0,27.0,DECATUR,A32578,40.617438,-93.895003,2019-01-12 0:00:00,http://cloud.iowadot.gov/Highway/Photos/Maintenance/MapSnapShots/SnowPlow/2019/1/12/A32578-2019-01-12_07_14_04.jpg,https://cloud.iowadot.gov/Highway/Photos/Maintenance/MapSnapShots/SnowPlow/2019/1/12/A32578-2019-01-12_07_14_04.jpg,http://cloud.iowadot.gov/Highway/Photos/Maintenance/MapSnapShots/SnowPlow/2019/thumb/1/12/A32578-2019-01-12_07_14_04.jpg,31.0,28.0,I 35 N,3.0,-0.691,jpg,A32578-2019-01-12_07_14_04.jpg,-06:00,Leon Garage,555627.0,5.0,LAMONI,1088316.0,34426.0,7717143.0,311.0350037,424293.982641,4496675.16753,-93.8949966,40.6174011,3616839.0,80.4843979,424294.87270174525,4496675.410523749,Partial Snow Coverage,Partly Snow Coverage,6.122440776579197e-09,0.9999995231628418,3.866279518760507e-11,4.915904128210968e-07,0.65
-1.0,1.0,1.98619389056,4001.0,1.0,1.64511243849,4001.0,1.0,1.64511243849,4001.0,41279.0,27.0,DECATUR,A32918,40.74818,-93.839767,2019-01-12 0:00:00,http://cloud.iowadot.gov/Highway/Photos/Maintenance/MapSnapShots/SnowPlow/2019/1/12/A32918-2019-01-12_07_14_17.jpg,https://cloud.iowadot.gov/Highway/Photos/Maintenance/MapSnapShots/SnowPlow/2019/1/12/A32918-2019-01-12_07_14_17.jpg,http://cloud.iowadot.gov/Highway/Photos/Maintenance/MapSnapShots/SnowPlow/2019/thumb/1/12/A32918-2019-01-12_07_14_17.jpg,28.0,13.0,I 35 N,14.0,0.53,jpg,A32918-2019-01-12_07_14_17.jpg,-06:00,Leon Garage,555627.0,5.0,CENTRAL DECATUR,1067256.0,33370.0,7544172.0,293.6289978,429105.982641,4511141.16753,-93.839798,40.7481995,3546605.0,79.8606033,429105.8148570362,4511142.399027754,NA,Partly Snow Coverage,1.0682023230401683e-06,0.9998915195465088,5.800654889753787e-08,0.00010744244355009869,0.65
-1.0,1.0,2.68962866325,4009.0,1.0,1.44789291279,4009.0,1.0,7.63517398776,4009.0,41334.0,77.0,POLK,A33976,41.654883,-93.574982,2019-01-12 0:00:00,http://cloud.iowadot.gov/Highway/Photos/Maintenance/MapSnapShots/SnowPlow/2019/1/12/A33976-2019-01-12_07_15_26.jpg,https://cloud.iowadot.gov/Highway/Photos/Maintenance/MapSnapShots/SnowPlow/2019/1/12/A33976-2019-01-12_07_15_26.jpg,http://cloud.iowadot.gov/Highway/Photos/Maintenance/MapSnapShots/SnowPlow/2019/thumb/1/12/A33976-2019-01-12_07_15_26.jpg,33.0,332.0,I 35 N,88.0,0.702,jpg,A33976-2019-01-12_07_15_26.jpg,-06:00,Des Moines North Garage,551807.0,1.0,SAYDEL,563164.0,29355.0,4012153.0,58.9347992,452124.982641,4611620.16753,-93.5749969,41.6548996,1878013.0,81.6840973,452124.830178412,4611619.099234946,NA,Bare,0.6864840388298035,0.31281763315200806,0.0006854258244857192,1.2877620974904858e-05,0.9
-1.0,1.0,1.93326127254,4032.0,1.0,1.42597773402,4032.0,1.0,2.9901553476,4032.0,41467.0,91.0,WARREN,A33830,41.421668,-93.780075,2019-01-12 0:00:00,http://cloud.iowadot.gov/Highway/Photos/Maintenance/MapSnapShots/SnowPlow/2019/1/12/A33830-2019-01-12_07_18_13.jpg,https://cloud.iowadot.gov/Highway/Photos/Maintenance/MapSnapShots/SnowPlow/2019/1/12/A33830-2019-01-12_07_18_13.jpg,http://cloud.iowadot.gov/Highway/Photos/Maintenance/MapSnapShots/SnowPlow/2019/thumb/1/12/A33830-2019-01-12_07_18_13.jpg,39.0,357.0,I 35 N,60.0,-0.834,jpg,A33830-2019-01-12_07_18_13.jpg,-06:00,Martensdale Garage,555691.0,5.0,MARTENSDALE-ST MARYS,926110.0,25702.0,6550252.0,84.4996033,434814.982641,4585862.16753,-93.780098,41.4216995,3080225.0,41.5359993,434814.1315179836,4585861.520736482,Partial Snow Coverage,Partly Snow Coverage,7.366085628746077e-05,0.9999102354049683,2.7808582103716617e-07,1.585870086273644e-05,0.65
-1.0,1.0,1.34356631607,4035.0,1.0,0.62625830563,4035.0,1.0,0.62625830563,4035.0,41477.0,91.0,WARREN,A34362,41.476017,-93.780028,2019-01-12 0:00:00,http://cloud.iowadot.gov/Highway/Photos/Maintenance/MapSnapShots/SnowPlow/2019/1/12/A34362-2019-01-12_07_18_25.jpg,https://cloud.iowadot.gov/Highway/Photos/Maintenance/MapSnapShots/SnowPlow/2019/1/12/A34362-2019-01-12_07_18_25.jpg,http://cloud.iowadot.gov/Highway/Photos/Maintenance/MapSnapShots/SnowPlow/2019/thumb/1/12/A34362-2019-01-12_07_18_25.jpg,27.0,0.0,I 35 N,64.0,-0.593,jpg,A34362-2019-01-12_07_18_25.jpg,-06:00,Martensdale Garage,555691.0,5.0,NORWALK,906962.0,28205.0,6412644.0,193.3930054,434871.982641,4591895.16753,-93.7799988,41.4760017,3016451.0,41.9701004,434872.4380241533,4591895.282097047,Partial Snow Coverage,Partly Snow Coverage,1.6834746929816902e-09,1.0,3.351378202731681e-11,1.3622153183234786e-08,0.65
-1.0,1.0,0.54954234936,4039.0,1.0,1.74615291505,4039.0,1.0,1.74615291505,4039.0,41511.0,27.0,DECATUR,A32578,40.648052,-93.864112,2019-01-12 0:00:00,http://cloud.iowadot.gov/Highway/Photos/Maintenance/MapSnapShots/SnowPlow/2019/1/12/A32578-2019-01-12_07_19_04.jpg,https://cloud.iowadot.gov/Highway/Photos/Maintenance/MapSnapShots/SnowPlow/2019/1/12/A32578-2019-01-12_07_19_04.jpg,http://cloud.iowadot.gov/Highway/Photos/Maintenance/MapSnapShots/SnowPlow/2019/thumb/1/12/A32578-2019-01-12_07_19_04.jpg,32.0,36.0,I 35 N,7.0,0.65,jpg,A32578-2019-01-12_07_19_04.jpg,-06:00,Leon Garage,555627.0,5.0,LAMONI,1082556.0,30129.0,7671930.0,306.9639893,426939.982641,4500047.16753,-93.8640976,40.6479988,3597610.0,78.8171997,426941.2419259418,4500047.581942952,Partial Snow Coverage,Partly Snow Coverage,2.175458563291599e-10,1.0,2.1557371773089917e-12,1.0986090925868552e-09,0.65
-1.0,1.0,0.529228719496,4041.0,1.0,2.26587753376,4041.0,1.0,2.26587753376,4041.0,41526.0,27.0,DECATUR,A32918,40.785942,-93.834892,2019-01-12 0:00:00,http://cloud.iowadot.gov/Highway/Photos/Maintenance/MapSnapShots/SnowPlow/2019/1/12/A32918-2019-01-12_07_19_17.jpg,https://cloud.iowadot.gov/Highway/Photos/Maintenance/MapSnapShots/SnowPlow/2019/1/12/A32918-2019-01-12_07_19_17.jpg,http://cloud.iowadot.gov/Highway/Photos/Maintenance/MapSnapShots/SnowPlow/2019/thumb/1/12/A32918-2019-01-12_07_19_17.jpg,35.0,2.0,I 35 N,17.0,0.899,jpg,A32918-2019-01-12_07_19_17.jpg,-06:00,Leon Garage,555627.0,5.0,CENTRAL DECATUR,1061624.0,33675.0,7502041.0,343.8869934,429555.982641,4515329.16753,-93.8348999,40.7859001,3527828.0,62.8703003,429557.2612431834,4515330.309671233,NA,Full Snow Coverage,1.2762168921653938e-07,0.1530986726284027,2.1322122734090954e-07,0.846900999546051,0.275
-1.0,1.0,1.7041039045,4046.0,1.0,2.02329227984,4046.0,1.0,2.02329227984,4046.0,41553.0,91.0,WARREN,A34353,41.370215,-93.780363,2019-01-12 0:00:00,http://cloud.iowadot.gov/Highway/Photos/Maintenance/MapSnapShots/SnowPlow/2019/1/12/A34353-2019-01-12_07_19_48.jpg,https://cloud.iowadot.gov/Highway/Photos/Maintenance/MapSnapShots/SnowPlow/2019/1/12/A34353-2019-01-12_07_19_48.jpg,http://cloud.iowadot.gov/Highway/Photos/Maintenance/MapSnapShots/SnowPlow/2019/thumb/1/12/A34353-2019-01-12_07_19_48.jpg,23.0,357.0,I 35 N,55.0,-2.275,jpg,A34353-2019-01-12_07_19_48.jpg,-06:00,Martensdale Garage,555691.0,5.0,MARTENSDALE-ST MARYS,945002.0,26647.0,6682882.0,152.3190002,434739.982641,4580150.16753,-93.7802963,41.3702011,3142698.0,80.1785965,434738.6158466554,4580149.504863657,NA,Partly Snow Coverage,3.1507142921327613e-06,0.9824364185333252,4.2633510020095855e-06,0.017556212842464447,0.65
-1.0,1.0,1.34933674894,4047.0,1.0,2.66931967452,4047.0,1.0,6.13273777325,4047.0,41555.0,77.0,POLK,A34700,41.569007,-93.776817,2019-01-12 0:00:00,http://cloud.iowadot.gov/Highway/Photos/Maintenance/MapSnapShots/SnowPlow/2019/1/12/A34700-2019-01-12_07_19_49.jpg,https://cloud.iowadot.gov/Highway/Photos/Maintenance/MapSnapShots/SnowPlow/2019/1/12/A34700-2019-01-12_07_19_49.jpg,http://cloud.iowadot.gov/Highway/Photos/Maintenance/MapSnapShots/SnowPlow/2019/thumb/1/12/A34700-2019-01-12_07_19_49.jpg,38.0,358.0,I 35 N,72.0,0.894,jpg,A34700-2019-01-12_07_19_49.jpg,-06:00,Grimes Garage,551808.0,1.0,WEST DES MOINES,690026.0,28198.0,4904393.0,76.6074982,435231.982641,4602218.16753,-93.7768021,41.5690002,2297156.0,60.5173988,435233.3331520739,4602216.698576285,Partial Snow Coverage,Partly Snow Coverage,4.086174953954469e-08,0.9999996423721313,2.8341945457199813e-10,3.815432307874289e-07,0.65
-1.0,1.0,2.09430656612,4071.0,1.0,0.973074658921,4071.0,1.0,0.973074658921,4071.0,41714.0,91.0,WARREN,A33830,41.468985,-93.779945,2019-01-12 0:00:00,http://cloud.iowadot.gov/Highway/Photos/Maintenance/MapSnapShots/SnowPlow/2019/1/12/A33830-2019-01-12_07_23_13.jpg,https://cloud.iowadot.gov/Highway/Photos/Maintenance/MapSnapShots/SnowPlow/2019/1/12/A33830-2019-01-12_07_23_13.jpg,http://cloud.iowadot.gov/Highway/Photos/Maintenance/MapSnapShots/SnowPlow/2019/thumb/1/12/A33830-2019-01-12_07_23_13.jpg,38.0,359.0,I 35 N,65.0,0.887,jpg,A33830-2019-01-12_07_23_13.jpg,-06:00,Martensdale Garage,555691.0,5.0,NORWALK,909311.0,26904.0,6430503.0,160.602005,434871.982641,4591115.16753,-93.7799988,41.4690018,3024273.0,72.3155975,434872.32962077984,4591114.527593592,Partial Snow Coverage,Partly Snow Coverage,0.0008522301213815808,0.9990888833999634,2.173410393879749e-06,5.6706157920416445e-05,0.65
-1.0,1.0,2.31975120689,4074.0,1.0,1.64861527095,4074.0,1.0,1.64861527095,4074.0,41723.0,91.0,WARREN,A34362,41.505973,-93.780112,2019-01-12 0:00:00,http://cloud.iowadot.gov/Highway/Photos/Maintenance/MapSnapShots/SnowPlow/2019/1/12/A34362-2019-01-12_07_23_25.jpg,https://cloud.iowadot.gov/Highway/Photos/Maintenance/MapSnapShots/SnowPlow/2019/1/12/A34362-2019-01-12_07_23_25.jpg,http://cloud.iowadot.gov/Highway/Photos/Maintenance/MapSnapShots/SnowPlow/2019/thumb/1/12/A34362-2019-01-12_07_23_25.jpg,28.0,359.0,I 35 N,66.0,-0.665,jpg,A34362-2019-01-12_07_23_25.jpg,-06:00,Martensdale Garage,555691.0,5.0,NORWALK,844230.0,30017.0,5973779.0,354.8059998,434895.982641,4595222.16753,-93.780098,41.5060005,2807453.0,53.8087997,434895.4254211665,4595221.068356918,Partial Snow Coverage,Partly Snow Coverage,8.659592140580763e-13,1.0,4.265252972861233e-13,1.0541071127079249e-08,0.65
-1.0,1.0,1.81291166177,4078.0,1.0,1.4760773912,4078.0,1.0,1.4760773912,4078.0,41754.0,27.0,DECATUR,A32578,40.682913,-93.847007,2019-01-12 0:00:00,http://cloud.iowadot.gov/Highway/Photos/Maintenance/MapSnapShots/SnowPlow/2019/1/12/A32578-2019-01-12_07_24_05.jpg,https://cloud.iowadot.gov/Highway/Photos/Maintenance/MapSnapShots/SnowPlow/2019/1/12/A32578-2019-01-12_07_24_05.jpg,http://cloud.iowadot.gov/Highway/Photos/Maintenance/MapSnapShots/SnowPlow/2019/thumb/1/12/A32578-2019-01-12_07_24_05.jpg,33.0,12.0,I 35 N,8.0,-0.932,jpg,A32578-2019-01-12_07_24_05.jpg,-06:00,Leon Garage,555627.0,5.0,CENTRAL DECATUR,1076981.0,29199.0,7631143.0,215.5379944,428424.982641,4503902.16753,-93.8470001,40.6828995,3579047.0,80.7410965,428424.72911668883,4503903.254762832,Partial Snow Coverage,Partly Snow Coverage,1.443706043602333e-09,1.0,1.455432996344541e-11,4.735502301400629e-08,0.65
-1.0,1.0,1.8579224449,4082.0,1.0,1.6680887426,4082.0,1.0,2.87244683751,4082.0,41768.0,27.0,DECATUR,A32918,40.824192,-93.819617,2019-01-12 0:00:00,http://cloud.iowadot.gov/Highway/Photos/Maintenance/MapSnapShots/SnowPlow/2019/1/12/A32918-2019-01-12_07_24_17.jpg,https://cloud.iowadot.gov/Highway/Photos/Maintenance/MapSnapShots/SnowPlow/2019/1/12/A32918-2019-01-12_07_24_17.jpg,http://cloud.iowadot.gov/Highway/Photos/Maintenance/MapSnapShots/SnowPlow/2019/thumb/1/12/A32918-2019-01-12_07_24_17.jpg,34.0,32.0,I 35 N,18.0,-0.89,jpg,A32918-2019-01-12_07_24_17.jpg,-06:00,Leon Garage,555627.0,5.0,CENTRAL DECATUR,1055633.0,34380.0,7455854.0,312.5100098,430884.982641,4519565.16753,-93.819603,40.8241997,3507872.0,48.8456001,430885.7745380057,4519564.186379993,NA,Full Snow Coverage,1.1805922905949728e-09,0.014051592908799648,3.472515608393678e-09,0.9859484434127808,0.275
-1.0,1.0,1.98957004992,4109.0,1.0,0.878084502294,4109.0,1.0,0.878084502294,4109.0,41972.0,77.0,POLK,A34362,41.541492,-93.775215,2019-01-12 0:00:00,http://cloud.iowadot.gov/Highway/Photos/Maintenance/MapSnapShots/SnowPlow/2019/1/12/A34362-2019-01-12_07_28_25.jpg,https://cloud.iowadot.gov/Highway/Photos/Maintenance/MapSnapShots/SnowPlow/2019/1/12/A34362-2019-01-12_07_28_25.jpg,http://cloud.iowadot.gov/Highway/Photos/Maintenance/MapSnapShots/SnowPlow/2019/thumb/1/12/A34362-2019-01-12_07_28_25.jpg,35.0,353.0,I 35 N,70.0,0.798,jpg,A34362-2019-01-12_07_28_25.jpg,-06:00,Martensdale Garage,555691.0,5.0,WEST DES MOINES,712848.0,26136.0,5057573.0,180.2100067,435339.982641,4599161.16753,-93.7751999,41.5415001,2370347.0,88.6706009,435339.4816880925,4599160.742436657,NA,Full Snow Coverage,3.158413308668173e-09,0.006641674786806107,7.384772970908671e-08,0.9933581948280334,0.275
-1.0,1.0,1.68587017575,4113.0,1.0,2.03331642083,4113.0,1.0,2.03331642083,4113.0,42003.0,27.0,DECATUR,A32578,40.720375,-93.84333,2019-01-12 0:00:00,http://cloud.iowadot.gov/Highway/Photos/Maintenance/MapSnapShots/SnowPlow/2019/1/12/A32578-2019-01-12_07_29_04.jpg,https://cloud.iowadot.gov/Highway/Photos/Maintenance/MapSnapShots/SnowPlow/2019/1/12/A32578-2019-01-12_07_29_04.jpg,http://cloud.iowadot.gov/Highway/Photos/Maintenance/MapSnapShots/SnowPlow/2019/thumb/1/12/A32578-2019-01-12_07_29_04.jpg,30.0,0.0,I 35 N,11.0,-0.533,jpg,A32578-2019-01-12_07_29_04.jpg,-06:00,Leon Garage,555627.0,5.0,CENTRAL DECATUR,1071408.0,31597.0,7576744.0,160.4629974,428775.982641,4508060.16753,-93.8432999,40.7204018,3560472.0,74.759903,428775.37093434675,4508058.756606227,Partial Snow Coverage,Partly Snow Coverage,1.2721117492731082e-08,0.9999997615814209,7.188719758355333e-11,2.1925153248503193e-07,0.65
-1.0,1.0,2.13417265459,4117.0,1.0,1.4615610889,4117.0,1.0,1.4615610889,4117.0,42017.0,27.0,DECATUR,A32918,40.861877,-93.802908,2019-01-12 0:00:00,http://cloud.iowadot.gov/Highway/Photos/Maintenance/MapSnapShots/SnowPlow/2019/1/12/A32918-2019-01-12_07_29_17.jpg,https://cloud.iowadot.gov/Highway/Photos/Maintenance/MapSnapShots/SnowPlow/2019/1/12/A32918-2019-01-12_07_29_17.jpg,http://cloud.iowadot.gov/Highway/Photos/Maintenance/MapSnapShots/SnowPlow/2019/thumb/1/12/A32918-2019-01-12_07_29_17.jpg,36.0,2.0,I 35 N,21.0,-0.711,jpg,A32918-2019-01-12_07_29_17.jpg,-06:00,Leon Garage,555627.0,5.0,CLARKE,1049571.0,34817.0,7411432.0,128.2899933,432333.982641,4523735.16753,-93.8029022,40.8619003,3487655.0,45.0990982,432333.11630367633,4523734.4817022635,Full Snow Coverage,Full Snow Coverage,1.982655779462182e-14,1.3892143613247754e-07,1.256262888854609e-12,0.9999998807907104,0.275
-1.0,1.0,0.866680742563,4146.0,1.0,1.48280090906,4146.0,1.0,1.48280090906,4146.0,42239.0,27.0,DECATUR,A32578,40.7579,-93.836822,2019-01-12 0:00:00,http://cloud.iowadot.gov/Highway/Photos/Maintenance/MapSnapShots/SnowPlow/2019/1/12/A32578-2019-01-12_07_34_04.jpg,https://cloud.iowadot.gov/Highway/Photos/Maintenance/MapSnapShots/SnowPlow/2019/1/12/A32578-2019-01-12_07_34_04.jpg,http://cloud.iowadot.gov/Highway/Photos/Maintenance/MapSnapShots/SnowPlow/2019/thumb/1/12/A32578-2019-01-12_07_34_04.jpg,30.0,7.0,I 35 N,15.0,0.842,jpg,A32578-2019-01-12_07_34_04.jpg,-06:00,Leon Garage,555627.0,5.0,CENTRAL DECATUR,1065781.0,34063.0,7533188.0,282.5629883,429363.982641,4512218.16753,-93.8367996,40.7579002,3541675.0,82.3758011,429364.72624044644,4512219.007565825,Partial Snow Coverage,Partly Snow Coverage,6.79849927109899e-06,0.999993085861206,3.966604822380759e-09,1.7828593001922854e-07,0.65
-1.0,1.0,0.905441493556,4174.0,1.0,2.26867767065,4174.0,1.0,5.76766882891,4174.0,42431.0,77.0,POLK,A33830,41.518725,-93.77542,2019-01-12 0:00:00,http://cloud.iowadot.gov/Highway/Photos/Maintenance/MapSnapShots/SnowPlow/2019/1/12/A33830-2019-01-12_07_38_13.jpg,https://cloud.iowadot.gov/Highway/Photos/Maintenance/MapSnapShots/SnowPlow/2019/1/12/A33830-2019-01-12_07_38_13.jpg,http://cloud.iowadot.gov/Highway/Photos/Maintenance/MapSnapShots/SnowPlow/2019/thumb/1/12/A33830-2019-01-12_07_38_13.jpg,25.0,32.0,I 35 N,67.0,-0.609,jpg,A33830-2019-01-12_07_38_13.jpg,-06:00,Martensdale Garage,555691.0,5.0,WEST DES MOINES,768280.0,27285.0,5441198.0,40.6012993,435300.982641,4596632.16753,-93.7753983,41.5186996,2553019.0,68.9974976,435299.70091928873,4596633.28096603,NA,Partly Snow Coverage,0.017111770808696747,0.9822106957435608,6.057051905372646e-06,0.0006713548209518194,0.65
-1.0,1.0,1.68126166814,4184.0,1.0,1.56210962465,4184.0,1.0,2.60422403635,4184.0,42470.0,27.0,DECATUR,A32578,40.794147,-93.834357,2019-01-12 0:00:00,http://cloud.iowadot.gov/Highway/Photos/Maintenance/MapSnapShots/SnowPlow/2019/1/12/A32578-2019-01-12_07_39_04.jpg,https://cloud.iowadot.gov/Highway/Photos/Maintenance/MapSnapShots/SnowPlow/2019/1/12/A32578-2019-01-12_07_39_04.jpg,http://cloud.iowadot.gov/Highway/Photos/Maintenance/MapSnapShots/SnowPlow/2019/thumb/1/12/A32578-2019-01-12_07_39_04.jpg,30.0,4.0,I 35 N,16.0,-0.665,jpg,A32578-2019-01-12_07_39_04.jpg,-06:00,Leon Garage,555627.0,5.0,CENTRAL DECATUR,1060406.0,34513.0,7492745.0,142.3059998,429609.982641,4516241.16753,-93.8343964,40.7942009,3523769.0,66.6545029,429611.0670586892,4516240.694020676,NA,Full Snow Coverage,6.019273968149719e-08,0.11876168102025986,1.6361163091005437e-07,0.8812381029129028,0.275
-1.0,1.0,2.07261561208,4192.0,1.0,1.68435524436,4192.0,1.0,3.02052324086,4192.0,42515.0,91.0,WARREN,A34353,41.302908,-93.779067,2019-01-12 0:00:00,http://cloud.iowadot.gov/Highway/Photos/Maintenance/MapSnapShots/SnowPlow/2019/1/12/A34353-2019-01-12_07_39_48.jpg,https://cloud.iowadot.gov/Highway/Photos/Maintenance/MapSnapShots/SnowPlow/2019/1/12/A34353-2019-01-12_07_39_48.jpg,http://cloud.iowadot.gov/Highway/Photos/Maintenance/MapSnapShots/SnowPlow/2019/thumb/1/12/A34353-2019-01-12_07_39_48.jpg,19.0,3.0,I 35 N,52.0,-0.619,jpg,A34353-2019-01-12_07_39_48.jpg,-06:00,Martensdale Garage,555691.0,5.0,INTERSTATE 35,967214.0,29101.0,6839643.0,288.4349976,434778.982641,4572677.16753,-93.7790985,41.3028984,3215759.0,71.7382965,434779.890081835,4572676.286863442,NA,Partly Snow Coverage,5.489755858434364e-05,0.9999425411224365,9.314804572113644e-08,2.423725618427852e-06,0.65
-1.0,1.0,0.961536811947,4209.0,1.0,1.60487594353,4209.0,1.0,3.27476116932,4209.0,42636.0,91.0,WARREN,A31644,41.303222,-93.779037,2019-01-12 0:00:00,http://cloud.iowadot.gov/Highway/Photos/Maintenance/MapSnapShots/SnowPlow/2019/1/12/A31644-2019-01-12_07_42_35.jpg,https://cloud.iowadot.gov/Highway/Photos/Maintenance/MapSnapShots/SnowPlow/2019/1/12/A31644-2019-01-12_07_42_35.jpg,http://cloud.iowadot.gov/Highway/Photos/Maintenance/MapSnapShots/SnowPlow/2019/thumb/1/12/A31644-2019-01-12_07_42_35.jpg,27.0,3.0,I 35 N,52.0,-0.641,jpg,A31644-2019-01-12_07_42_35.jpg,-06:00,Martensdale Garage,555691.0,5.0,INTERSTATE 35,967113.0,29082.0,6838944.0,289.6539917,434781.982641,4572710.16753,-93.7789993,41.3031998,3215424.0,51.0892982,434782.7144332024,4572711.123562746,Partial Snow Coverage,Partly Snow Coverage,2.3724296832616787e-11,1.0,1.4251902143584184e-15,2.7804017768695566e-13,0.65
-1.0,1.0,2.00168507648,4212.0,1.0,1.91075510613,4212.0,1.0,7.69716476992,4212.0,42658.0,77.0,POLK,A33830,41.548933,-93.77613,2019-01-12 0:00:00,http://cloud.iowadot.gov/Highway/Photos/Maintenance/MapSnapShots/SnowPlow/2019/1/12/A33830-2019-01-12_07_43_13.jpg,https://cloud.iowadot.gov/Highway/Photos/Maintenance/MapSnapShots/SnowPlow/2019/1/12/A33830-2019-01-12_07_43_13.jpg,http://cloud.iowadot.gov/Highway/Photos/Maintenance/MapSnapShots/SnowPlow/2019/thumb/1/12/A33830-2019-01-12_07_43_13.jpg,23.0,358.0,I 35 N,69.0,-0.669,jpg,A33830-2019-01-12_07_43_13.jpg,-06:00,Martensdale Garage,555691.0,5.0,WEST DES MOINES,704611.0,28530.0,5001718.0,276.927002,435270.982641,4599986.16753,-93.7761002,41.5489006,2343541.0,84.9800034,435270.5832770945,4599987.537033862,NA,Partly Snow Coverage,2.5843210096354596e-06,0.9999972581863403,1.4245757351538657e-10,9.595847672017044e-08,0.65
-1.0,1.0,1.10658906669,4221.0,1.0,1.40703506466,4221.0,1.0,1.40703506466,4221.0,42702.0,27.0,DECATUR,A32578,40.82809,-93.816307,2019-01-12 0:00:00,http://cloud.iowadot.gov/Highway/Photos/Maintenance/MapSnapShots/SnowPlow/2019/1/12/A32578-2019-01-12_07_44_04.jpg,https://cloud.iowadot.gov/Highway/Photos/Maintenance/MapSnapShots/SnowPlow/2019/1/12/A32578-2019-01-12_07_44_04.jpg,http://cloud.iowadot.gov/Highway/Photos/Maintenance/MapSnapShots/SnowPlow/2019/thumb/1/12/A32578-2019-01-12_07_44_04.jpg,30.0,33.0,I 35 N,20.0,0.788,jpg,A32578-2019-01-12_07_44_04.jpg,-06:00,Leon Garage,555627.0,5.0,CENTRAL DECATUR,1054949.0,34749.0,7450672.0,272.7260132,431169.982641,4519994.16753,-93.8162994,40.8280983,3505572.0,79.4030991,431168.92384329287,4519994.289581315,NA,Full Snow Coverage,1.3615133021005477e-08,0.042331233620643616,1.3460727643632708e-07,0.9576686024665833,0.275
-1.0,1.0,1.64130691229,4229.0,1.0,1.77163650457,4229.0,1.0,1.77163650457,4229.0,42746.0,91.0,WARREN,A34353,41.302333,-93.779067,2019-01-12 0:00:00,http://cloud.iowadot.gov/Highway/Photos/Maintenance/MapSnapShots/SnowPlow/2019/1/12/A34353-2019-01-12_07_44_49.jpg,https://cloud.iowadot.gov/Highway/Photos/Maintenance/MapSnapShots/SnowPlow/2019/1/12/A34353-2019-01-12_07_44_49.jpg,http://cloud.iowadot.gov/Highway/Photos/Maintenance/MapSnapShots/SnowPlow/2019/thumb/1/12/A34353-2019-01-12_07_44_49.jpg,27.0,3.0,I 35 N,52.0,-0.58,jpg,A34353-2019-01-12_07_44_49.jpg,-06:00,Martensdale Garage,555691.0,5.0,INTERSTATE 35,967427.0,29130.0,6841085.0,66.8013992,434778.982641,4572611.16753,-93.7790985,41.3022995,3216465.0,43.5904999,434779.31715015287,4572612.452272219,NA,Partly Snow Coverage,0.0008419414516538382,0.9991577863693237,1.1003995581404524e-07,8.637744741690767e-08,0.65
-1.0,1.0,0.99655537107,4235.0,1.0,1.89562428613,4235.0,1.0,1.89562428613,4235.0,42782.0,27.0,DECATUR,A34383,40.588542,-93.922935,2019-01-12 0:00:00,http://cloud.iowadot.gov/Highway/Photos/Maintenance/MapSnapShots/SnowPlow/2019/1/12/A34383-2019-01-12_07_45_30.jpg,https://cloud.iowadot.gov/Highway/Photos/Maintenance/MapSnapShots/SnowPlow/2019/1/12/A34383-2019-01-12_07_45_30.jpg,http://cloud.iowadot.gov/Highway/Photos/Maintenance/MapSnapShots/SnowPlow/2019/thumb/1/12/A34383-2019-01-12_07_45_30.jpg,25.0,38.0,I 35 N,2.0,0.802,jpg,A34383-2019-01-12_07_45_30.jpg,-06:00,Leon Garage,555627.0,5.0,LAMONI,1093563.0,33283.0,7768450.0,123.3659973,421899.982641,4493492.16753,-93.9228973,40.588501,3634500.0,31.0027008,421898.5434083759,4493492.241030355,Partial Snow Coverage,Partly Snow Coverage,4.0414863633486675e-07,0.9999352693557739,2.6010303244561328e-08,6.441890582209453e-05,0.65
-1.0,1.0,1.95454374039,4240.0,1.0,1.61698244832,4240.0,1.0,1.61698244832,4240.0,42799.0,20.0,CLARKE,A32833,41.028377,-93.794418,2019-01-12 0:00:00,http://cloud.iowadot.gov/Highway/Photos/Maintenance/MapSnapShots/SnowPlow/2019/1/12/A32833-2019-01-12_07_45_53.jpg,https://cloud.iowadot.gov/Highway/Photos/Maintenance/MapSnapShots/SnowPlow/2019/1/12/A32833-2019-01-12_07_45_53.jpg,http://cloud.iowadot.gov/Highway/Photos/Maintenance/MapSnapShots/SnowPlow/2019/thumb/1/12/A32833-2019-01-12_07_45_53.jpg,18.0,357.0,I 35 N,34.0,0.726,jpg,A32833-2019-01-12_07_45_53.jpg,-06:00,Osceola Garage,555620.0,5.0,CLARKE,1024743.0,34036.0,7227577.0,124.3150024,433215.982641,4542212.16753,-93.7944031,41.0284004,3404998.0,69.9617004,433216.59253452404,4542211.113437327,Partial Snow Coverage,Partly Snow Coverage,6.280665765245885e-09,1.0,4.188617768602354e-12,4.776681827856066e-10,0.65
-1.0,1.0,1.59286623141,4246.0,1.0,2.38801112742,4246.0,1.0,2.38801112742,4246.0,42837.0,77.0,POLK,A34003,41.532737,-93.773895,2019-01-12 0:00:00,http://cloud.iowadot.gov/Highway/Photos/Maintenance/MapSnapShots/SnowPlow/2019/1/12/A34003-2019-01-12_07_46_41.jpg,https://cloud.iowadot.gov/Highway/Photos/Maintenance/MapSnapShots/SnowPlow/2019/1/12/A34003-2019-01-12_07_46_41.jpg,http://cloud.iowadot.gov/Highway/Photos/Maintenance/MapSnapShots/SnowPlow/2019/thumb/1/12/A34003-2019-01-12_07_46_41.jpg,42.0,353.0,I 35 N,68.0,-0.587,jpg,A34003-2019-01-12_07_46_41.jpg,-06:00,Grimes Garage,551808.0,1.0,WEST DES MOINES,717505.0,24781.0,5088516.0,180.0,435441.982641,4598189.16753,-93.7739029,41.5326996,2385158.0,24.1688004,435440.87719930476,4598187.765407596,NA,Partly Snow Coverage,0.02144748345017433,0.9785425662994385,6.737887815688737e-06,3.185743707945221e-06,0.65
-1.0,1.0,0.183265272294,4247.0,1.0,1.89446245848,4247.0,1.0,1.89446245848,4247.0,42845.0,77.0,POLK,A31641,41.534645,-93.774177,2019-01-12 0:00:00,http://cloud.iowadot.gov/Highway/Photos/Maintenance/MapSnapShots/SnowPlow/2019/1/12/A31641-2019-01-12_07_46_50.jpg,https://cloud.iowadot.gov/Highway/Photos/Maintenance/MapSnapShots/SnowPlow/2019/1/12/A31641-2019-01-12_07_46_50.jpg,http://cloud.iowadot.gov/Highway/Photos/Maintenance/MapSnapShots/SnowPlow/2019/thumb/1/12/A31641-2019-01-12_07_46_50.jpg,44.0,353.0,I 35 N,68.0,-0.72,jpg,A31641-2019-01-12_07_46_50.jpg,-06:00,Grimes Garage,551808.0,1.0,WEST DES MOINES,716644.0,25390.0,5082668.0,29.7448997,435417.982641,4598399.16753,-93.7742004,41.5345993,2382268.0,33.895401,435419.2502248787,4598399.804318272,Partial Snow Coverage,Partly Snow Coverage,3.521910763026881e-09,0.9999998807907104,2.662524541119371e-11,7.253312617194752e-08,0.65
-1.0,1.0,2.04034160066,4250.0,1.0,1.61532091524,4250.0,1.0,1.61532091524,4250.0,42874.0,91.0,WARREN,A31644,41.341838,-93.779327,2019-01-12 0:00:00,http://cloud.iowadot.gov/Highway/Photos/Maintenance/MapSnapShots/SnowPlow/2019/1/12/A31644-2019-01-12_07_47_35.jpg,https://cloud.iowadot.gov/Highway/Photos/Maintenance/MapSnapShots/SnowPlow/2019/1/12/A31644-2019-01-12_07_47_35.jpg,http://cloud.iowadot.gov/Highway/Photos/Maintenance/MapSnapShots/SnowPlow/2019/thumb/1/12/A31644-2019-01-12_07_47_35.jpg,34.0,1.0,I 35 N,58.0,2.678,jpg,A31644-2019-01-12_07_47_35.jpg,-06:00,Martensdale Garage,555691.0,5.0,INTERSTATE 35,954763.0,28145.0,6755411.0,168.1790009,434796.982641,4576997.16753,-93.7792969,41.3418007,3175191.0,61.3521004,434796.9421010018,4576998.376263992,Partial Snow Coverage,Partly Snow Coverage,2.9634392270834475e-13,1.0,6.728886907712102e-16,1.7051984824156818e-12,0.65
-1.0,1.0,0.433613781954,4258.0,1.0,2.27202058367,4258.0,1.0,5.57222405098,4258.0,42923.0,20.0,CLARKE,A33304,41.04563,-93.787475,2019-01-12 0:00:00,http://cloud.iowadot.gov/Highway/Photos/Maintenance/MapSnapShots/SnowPlow/2019/1/12/A33304-2019-01-12_07_48_36.jpg,https://cloud.iowadot.gov/Highway/Photos/Maintenance/MapSnapShots/SnowPlow/2019/1/12/A33304-2019-01-12_07_48_36.jpg,http://cloud.iowadot.gov/Highway/Photos/Maintenance/MapSnapShots/SnowPlow/2019/thumb/1/12/A33304-2019-01-12_07_48_36.jpg,30.0,31.0,I 35 N,34.0,-0.565,jpg,A33304-2019-01-12_07_48_36.jpg,-06:00,Osceola Garage,555620.0,5.0,CLARKE,1021991.0,34106.0,7208154.0,42.4552002,433818.982641,4544120.16753,-93.7874985,41.0456009,3395898.0,77.0709991,433817.55060469505,4544121.108292362,Partial Snow Coverage,Partly Snow Coverage,5.8089557469775954e-12,0.9999998807907104,1.2006828864485897e-10,7.498960741258998e-08,0.65
-1.0,1.0,1.72392959798,4261.0,1.0,1.17252329965,4261.0,1.0,1.17252329965,4261.0,42943.0,27.0,DECATUR,A32578,40.86161,-93.80294,2019-01-12 0:00:00,http://cloud.iowadot.gov/Highway/Photos/Maintenance/MapSnapShots/SnowPlow/2019/1/12/A32578-2019-01-12_07_49_05.jpg,https://cloud.iowadot.gov/Highway/Photos/Maintenance/MapSnapShots/SnowPlow/2019/1/12/A32578-2019-01-12_07_49_05.jpg,http://cloud.iowadot.gov/Highway/Photos/Maintenance/MapSnapShots/SnowPlow/2019/thumb/1/12/A32578-2019-01-12_07_49_05.jpg,30.0,2.0,I 35 N,21.0,-0.693,jpg,A32578-2019-01-12_07_49_05.jpg,-06:00,Leon Garage,555627.0,5.0,CLARKE,1049611.0,34796.0,7411733.0,159.9049988,432330.982641,4523705.16753,-93.8029022,40.861599,3487787.0,57.1730003,432330.1476424661,4523704.867184686,NA,Full Snow Coverage,3.9131697882055505e-09,0.0030897888354957104,1.2597537590863794e-07,0.9969101548194885,0.275
-1.0,1.0,1.06841848485,4270.0,1.0,2.38168685456,4270.0,1.0,2.90841245658,4270.0,42987.0,91.0,WARREN,A34353,41.335703,-93.779555,2019-01-12 0:00:00,http://cloud.iowadot.gov/Highway/Photos/Maintenance/MapSnapShots/SnowPlow/2019/1/12/A34353-2019-01-12_07_49_48.jpg,https://cloud.iowadot.gov/Highway/Photos/Maintenance/MapSnapShots/SnowPlow/2019/1/12/A34353-2019-01-12_07_49_48.jpg,http://cloud.iowadot.gov/Highway/Photos/Maintenance/MapSnapShots/SnowPlow/2019/thumb/1/12/A34353-2019-01-12_07_49_48.jpg,36.0,1.0,I 35 N,54.0,-0.893,jpg,A34353-2019-01-12_07_49_48.jpg,-06:00,Martensdale Garage,555691.0,5.0,INTERSTATE 35,956777.0,26816.0,6768973.0,127.9990005,434772.982641,4576316.16753,-93.7795029,41.335701,3181810.0,66.7815018,434771.74494350917,4576317.456133869,Partial Snow Coverage,Partly Snow Coverage,6.891925252716646e-09,1.0,6.99309099516654e-09,6.398044529072611e-13,0.65
-1.0,1.0,1.78242286534,4276.0,1.0,0.714410109806,4276.0,1.0,0.714410109806,4276.0,43022.0,27.0,DECATUR,A34383,40.612658,-93.898353,2019-01-12 0:00:00,http://cloud.iowadot.gov/Highway/Photos/Maintenance/MapSnapShots/SnowPlow/2019/1/12/A34383-2019-01-12_07_50_30.jpg,https://cloud.iowadot.gov/Highway/Photos/Maintenance/MapSnapShots/SnowPlow/2019/1/12/A34383-2019-01-12_07_50_30.jpg,http://cloud.iowadot.gov/Highway/Photos/Maintenance/MapSnapShots/SnowPlow/2019/thumb/1/12/A34383-2019-01-12_07_50_30.jpg,25.0,28.0,I 35 N,4.0,0.712,jpg,A34383-2019-01-12_07_50_30.jpg,-06:00,Leon Garage,555627.0,5.0,LAMONI,1089161.0,33237.0,7725596.0,184.5140076,424005.982641,4496147.16753,-93.8983994,40.6127014,3619660.0,72.5254974,424006.08835790894,4496147.697864831,Partial Snow Coverage,Partly Snow Coverage,9.691945163092797e-12,1.0,1.1168917353476804e-12,3.170122298001843e-08,0.65
-1.0,1.0,2.6981880621,4280.0,1.0,1.12689735407,4280.0,1.0,1.12689735407,4280.0,43042.0,20.0,CLARKE,A32833,41.057788,-93.781608,2019-01-12 0:00:00,http://cloud.iowadot.gov/Highway/Photos/Maintenance/MapSnapShots/SnowPlow/2019/1/12/A32833-2019-01-12_07_50_53.jpg,https://cloud.iowadot.gov/Highway/Photos/Maintenance/MapSnapShots/SnowPlow/2019/1/12/A32833-2019-01-12_07_50_53.jpg,http://cloud.iowadot.gov/Highway/Photos/Maintenance/MapSnapShots/SnowPlow/2019/thumb/1/12/A32833-2019-01-12_07_50_53.jpg,27.0,2.0,I 35 N,36.0,0.514,jpg,A32833-2019-01-12_07_50_53.jpg,-06:00,Osceola Garage,555620.0,5.0,CLARKE,1020258.0,31058.0,7196706.0,96.6868973,434322.982641,4545467.16753,-93.781601,41.0578003,3389441.0,59.1930008,434322.73287225375,4545466.357385984,Partial Snow Coverage,Partly Snow Coverage,1.4937933201508713e-06,0.9999984502792358,2.3606023802358322e-09,1.2258685622157373e-08,0.65
-1.0,1.0,1.06783418256,4282.0,1.0,1.75465661011,4282.0,1.0,1.75465661011,4282.0,43062.0,20.0,CLARKE,A34363,40.91019,-93.79705,2019-01-12 0:00:00,http://cloud.iowadot.gov/Highway/Photos/Maintenance/MapSnapShots/SnowPlow/2019/1/12/A34363-2019-01-12_07_51_17.jpg,https://cloud.iowadot.gov/Highway/Photos/Maintenance/MapSnapShots/SnowPlow/2019/1/12/A34363-2019-01-12_07_51_17.jpg,http://cloud.iowadot.gov/Highway/Photos/Maintenance/MapSnapShots/SnowPlow/2019/thumb/1/12/A34363-2019-01-12_07_51_17.jpg,29.0,356.0,I 35 N,26.0,0.926,jpg,A34363-2019-01-12_07_51_17.jpg,-06:00,Osceola Garage,555620.0,5.0,CLARKE,1042354.0,34347.0,7357585.0,101.5139999,432876.982641,4529093.16753,-93.7969971,40.9101982,3463623.0,56.3507004,432875.6553703226,4529093.141970206,NA,Full Snow Coverage,9.767564497021111e-14,5.1035508477070834e-06,2.0671488826229378e-11,0.9999948740005493,0.275
-1.0,1.0,1.13141713538,4286.0,1.0,1.45829328157,4286.0,1.0,2.56159008622,4286.0,43080.0,77.0,POLK,A34003,41.58385,-93.77742,2019-01-12 0:00:00,http://cloud.iowadot.gov/Highway/Photos/Maintenance/MapSnapShots/SnowPlow/2019/1/12/A34003-2019-01-12_07_51_41.jpg,https://cloud.iowadot.gov/Highway/Photos/Maintenance/MapSnapShots/SnowPlow/2019/1/12/A34003-2019-01-12_07_51_41.jpg,http://cloud.iowadot.gov/Highway/Photos/Maintenance/MapSnapShots/SnowPlow/2019/thumb/1/12/A34003-2019-01-12_07_51_41.jpg,42.0,359.0,I 35 N,87.0,14.846,jpg,A34003-2019-01-12_07_51_41.jpg,-06:00,Grimes Garage,551808.0,1.0,WEST DES MOINES,683881.0,29577.0,4864125.0,84.5362015,435198.982641,4603865.16753,-93.7773972,41.5839005,2278108.0,54.967701,435197.8971392306,4603865.048812116,NA,Partly Snow Coverage,0.07465539127588272,0.9246203303337097,0.0005375887267291546,0.00018666729738470167,0.65
-1.0,1.0,1.32177568618,4290.0,1.0,1.04437584891,4290.0,1.0,1.04437584891,4290.0,43118.0,91.0,WARREN,A31644,41.38071,-93.780647,2019-01-12 0:00:00,http://cloud.iowadot.gov/Highway/Photos/Maintenance/MapSnapShots/SnowPlow/2019/1/12/A31644-2019-01-12_07_52_35.jpg,https://cloud.iowadot.gov/Highway/Photos/Maintenance/MapSnapShots/SnowPlow/2019/1/12/A31644-2019-01-12_07_52_35.jpg,http://cloud.iowadot.gov/Highway/Photos/Maintenance/MapSnapShots/SnowPlow/2019/thumb/1/12/A31644-2019-01-12_07_52_35.jpg,35.0,359.0,I 35 N,59.0,0.991,jpg,A31644-2019-01-12_07_52_35.jpg,-06:00,Martensdale Garage,555691.0,5.0,MARTENSDALE-ST MARYS,939546.0,28628.0,6643109.0,160.201004,434724.982641,4581314.16753,-93.7807007,41.3806992,3124650.0,47.9099998,434725.35861826414,4581314.853355016,Partial Snow Coverage,Partly Snow Coverage,2.7976519077722514e-14,1.0,3.7208349983242986e-18,1.6694872006649437e-14,0.65
-1.0,1.0,1.76618346451,4294.0,1.0,1.22174356465,4294.0,1.0,1.22174356465,4294.0,43145.0,20.0,CLARKE,A34712,41.115378,-93.781707,2019-01-12 0:00:00,http://cloud.iowadot.gov/Highway/Photos/Maintenance/MapSnapShots/SnowPlow/2019/1/12/A34712-2019-01-12_07_53_16.jpg,https://cloud.iowadot.gov/Highway/Photos/Maintenance/MapSnapShots/SnowPlow/2019/1/12/A34712-2019-01-12_07_53_16.jpg,http://cloud.iowadot.gov/Highway/Photos/Maintenance/MapSnapShots/SnowPlow/2019/thumb/1/12/A34712-2019-01-12_07_53_16.jpg,36.0,1.0,I 35 N,39.0,-0.53,jpg,A34712-2019-01-12_07_53_16.jpg,-06:00,Osceola Garage,555620.0,5.0,INTERSTATE 35,1011648.0,32267.0,7139086.0,154.7669983,434370.982641,4551860.16753,-93.7817001,41.1153984,3360806.0,75.9886017,434371.74168960133,4551859.646914413,NA,Partly Snow Coverage,1.7316029499170327e-08,0.9999430179595947,1.3248934394027856e-08,5.697492088074796e-05,0.65
-1.0,1.0,1.88623907284,4310.0,1.0,1.84499681751,4310.0,1.0,2.63711546019,4310.0,43218.0,91.0,WARREN,A34353,41.36827,-93.780158,2019-01-12 0:00:00,http://cloud.iowadot.gov/Highway/Photos/Maintenance/MapSnapShots/SnowPlow/2019/1/12/A34353-2019-01-12_07_54_48.jpg,https://cloud.iowadot.gov/Highway/Photos/Maintenance/MapSnapShots/SnowPlow/2019/1/12/A34353-2019-01-12_07_54_48.jpg,http://cloud.iowadot.gov/Highway/Photos/Maintenance/MapSnapShots/SnowPlow/2019/thumb/1/12/A34353-2019-01-12_07_54_48.jpg,21.0,356.0,I 35 N,55.0,-2.141,jpg,A34353-2019-01-12_07_54_48.jpg,-06:00,Martensdale Garage,555691.0,5.0,MARTENSDALE-ST MARYS,945678.0,26120.0,6688099.0,256.4769897,434754.982641,4579934.16753,-93.780098,41.3683014,3144987.0,67.3192978,434753.8167273311,4579933.420635384,Partial Snow Coverage,Partly Snow Coverage,1.3150484846846666e-05,0.9999865293502808,5.9590426815248065e-08,3.3567968671377457e-07,0.65
-1.0,1.0,1.73963922911,4316.0,1.0,0.846282160607,4316.0,1.0,0.846282160607,4316.0,43253.0,27.0,DECATUR,A34383,40.637935,-93.875342,2019-01-12 0:00:00,http://cloud.iowadot.gov/Highway/Photos/Maintenance/MapSnapShots/SnowPlow/2019/1/12/A34383-2019-01-12_07_55_30.jpg,https://cloud.iowadot.gov/Highway/Photos/Maintenance/MapSnapShots/SnowPlow/2019/1/12/A34383-2019-01-12_07_55_30.jpg,http://cloud.iowadot.gov/Highway/Photos/Maintenance/MapSnapShots/SnowPlow/2019/thumb/1/12/A34383-2019-01-12_07_55_30.jpg,25.0,41.0,I 35 N,6.0,0.572,jpg,A34383-2019-01-12_07_55_30.jpg,-06:00,Leon Garage,555627.0,5.0,LAMONI,1084519.0,32311.0,7686299.0,202.6199951,425979.982641,4498934.16753,-93.8753967,40.6379013,3604165.0,65.2248993,425980.58285512053,4498933.937908361,Partial Snow Coverage,Partly Snow Coverage,1.6420087511903603e-10,0.999976634979248,6.477566399931689e-11,2.3339956896961667e-05,0.65
-1.0,1.0,1.42181922749,4323.0,1.0,2.3354116961,4323.0,1.0,2.91546054352,4323.0,43271.0,20.0,CLARKE,A32833,41.094097,-93.778663,2019-01-12 0:00:00,http://cloud.iowadot.gov/Highway/Photos/Maintenance/MapSnapShots/SnowPlow/2019/1/12/A32833-2019-01-12_07_55_53.jpg,https://cloud.iowadot.gov/Highway/Photos/Maintenance/MapSnapShots/SnowPlow/2019/1/12/A32833-2019-01-12_07_55_53.jpg,http://cloud.iowadot.gov/Highway/Photos/Maintenance/MapSnapShots/SnowPlow/2019/thumb/1/12/A32833-2019-01-12_07_55_53.jpg,31.0,11.0,I 35 N,39.0,0.996,jpg,A32833-2019-01-12_07_55_53.jpg,-06:00,Osceola Garage,555620.0,5.0,CLARKE,1014857.0,29875.0,7160367.0,158.9620056,434604.982641,4549496.16753,-93.7787018,41.094101,3371571.0,59.7969017,434606.1937548193,4549494.892456376,Partial Snow Coverage,Partly Snow Coverage,1.530924831349978e-09,1.0,3.4582239849534346e-11,1.5812970932671533e-09,0.65
-1.0,1.0,1.97454539343,4324.0,1.0,2.10589929641,4324.0,1.0,2.10589929641,4324.0,43290.0,20.0,CLARKE,A34363,40.945487,-93.799545,2019-01-12 0:00:00,http://cloud.iowadot.gov/Highway/Photos/Maintenance/MapSnapShots/SnowPlow/2019/1/12/A34363-2019-01-12_07_56_17.jpg,https://cloud.iowadot.gov/Highway/Photos/Maintenance/MapSnapShots/SnowPlow/2019/1/12/A34363-2019-01-12_07_56_17.jpg,http://cloud.iowadot.gov/Highway/Photos/Maintenance/MapSnapShots/SnowPlow/2019/thumb/1/12/A34363-2019-01-12_07_56_17.jpg,29.0,3.0,I 35 N,27.0,-0.52,jpg,A34363-2019-01-12_07_56_17.jpg,-06:00,Osceola Garage,555620.0,5.0,CLARKE,1037101.0,35690.0,7321214.0,65.2248993,432699.982641,4533014.16753,-93.7995987,40.9454994,3446148.0,62.0267982,432701.3573843032,4533013.366807898,Full Snow Coverage,Full Snow Coverage,6.138789228908776e-17,1.3947752675047553e-11,7.263934327086594e-15,1.0,0.275
-1.0,1.0,2.34385204099,4327.0,1.0,1.05735586975,4327.0,1.0,1.05735586975,4327.0,43335.0,91.0,WARREN,A31644,41.420695,-93.780058,2019-01-12 0:00:00,http://cloud.iowadot.gov/Highway/Photos/Maintenance/MapSnapShots/SnowPlow/2019/1/12/A31644-2019-01-12_07_57_35.jpg,https://cloud.iowadot.gov/Highway/Photos/Maintenance/MapSnapShots/SnowPlow/2019/1/12/A31644-2019-01-12_07_57_35.jpg,http://cloud.iowadot.gov/Highway/Photos/Maintenance/MapSnapShots/SnowPlow/2019/thumb/1/12/A31644-2019-01-12_07_57_35.jpg,28.0,358.0,I 35 N,60.0,-0.767,jpg,A31644-2019-01-12_07_57_35.jpg,-06:00,Martensdale Garage,555691.0,5.0,MARTENSDALE-ST MARYS,926403.0,25736.0,6552454.0,87.7093964,434814.982641,4585754.16753,-93.780098,41.4207001,3081199.0,22.6198997,434814.57907276053,4585753.486514713,Partial Snow Coverage,Partly Snow Coverage,6.071435942976017e-14,1.0,1.583443391597189e-16,1.840441454835709e-13,0.65
-1.0,1.0,0.716022847795,4330.0,1.0,2.44524879577,4330.0,1.0,2.44524879577,4330.0,43366.0,91.0,WARREN,A34712,41.16402,-93.784065,2019-01-12 0:00:00,http://cloud.iowadot.gov/Highway/Photos/Maintenance/MapSnapShots/SnowPlow/2019/1/12/A34712-2019-01-12_07_58_16.jpg,https://cloud.iowadot.gov/Highway/Photos/Maintenance/MapSnapShots/SnowPlow/2019/1/12/A34712-2019-01-12_07_58_16.jpg,http://cloud.iowadot.gov/Highway/Photos/Maintenance/MapSnapShots/SnowPlow/2019/thumb/1/12/A34712-2019-01-12_07_58_16.jpg,38.0,1.0,I 35 N,42.0,-0.977,jpg,A34712-2019-01-12_07_58_16.jpg,-06:00,Osceola Garage,555620.0,5.0,INTERSTATE 35,1004330.0,33481.0,7090331.0,325.6199951,434220.982641,4557260.16753,-93.7841034,41.1640015,3336343.0,43.8082008,434222.39255643147,4557261.349560673,NA,Full Snow Coverage,6.749935610450564e-10,0.00011081851698691025,8.437757514911937e-08,0.9998891353607178,0.275