,Predict,LABEL,x,y,PHOTO_URL,prob_Bare,prob_Partly Snow Coverage,prob_Undefined,prob_Full Snow Coverage,RSI
0,Bare,Bare,-93.464002,41.667810001,https://mesonet.agron.iastate.edu/archive/data/2023/05/02/camera/idot_trucks/A34389/A34389_202305021800.jpg,0.9995088577270508,0.0004911030409857631,5.700342864400909e-09,5.69506594660929e-11,0.4
1,Partly Snow Coverage,Partly Snow Coverage,-93.570492,41.802897001,https://mesonet.agron.iastate.edu/archive/data/2023/05/02/camera/idot_trucks/A33812/A33812_202305021801.jpg,0.39036715030670166,0.6079695820808411,0.0005816544871777296,0.0010815714485943317,0.4
2,Partly Snow Coverage,Partly Snow Coverage,-95.879512,41.232693001,https://mesonet.agron.iastate.edu/archive/data/2023/05/02/camera/idot_trucks/A34645/A34645_202305021801.jpg,0.00019800856534857303,0.9885857701301575,0.00024490233045071363,0.010971330106258392,0.4
3,Bare,Bare,-93.785002,41.158948001,https://mesonet.agron.iastate.edu/archive/data/2023/05/02/camera/idot_trucks/A34712/A34712_202305021802.jpg,0.9150967597961426,0.08112288266420364,0.0016618060180917382,0.0021185711957514286,0.4
4,Bare,Bare,-93.783872,41.183015001,https://mesonet.agron.iastate.edu/archive/data/2023/05/02/camera/idot_trucks/A35016/A35016_202305021803.jpg,1.0,8.954381696844524e-14,1.3907757866367387e-13,3.066204344267894e-17,0.4
5,Bare,Bare,-93.463322,41.668507001,https://mesonet.agron.iastate.edu/archive/data/2023/05/02/camera/idot_trucks/A34336/A34336_202305021803.jpg,0.9978995323181152,0.002007211558520794,5.664507989422418e-05,3.659151116153225e-05,0.4
6,Partly Snow Coverage,Partly Snow Coverage,-93.570375,41.977705001,https://mesonet.agron.iastate.edu/archive/data/2023/05/02/camera/idot_trucks/A33854/A33854_202305021803.jpg,0.04123552143573761,0.9403359293937683,0.0024295307230204344,0.015999116003513336,0.4
7,Bare,Bare,-95.879128,41.233055001,https://mesonet.agron.iastate.edu/archive/data/2023/05/02/camera/idot_trucks/A32866/A32866_202305021806.jpg,0.9226722717285156,0.07726773619651794,5.2914212574250996e-05,7.028707841527648e-06,0.4
8,Bare,Bare,-93.576817,41.724812001,https://mesonet.agron.iastate.edu/archive/data/2023/05/02/camera/idot_trucks/A33812/A33812_202305021806.jpg,0.9922401905059814,0.007759439293295145,3.6812099324379233e-07,7.656869804861799e-09,0.4
9,Partly Snow Coverage,Partly Snow Coverage,-93.569122,42.455443001,https://mesonet.agron.iastate.edu/archive/data/2023/05/02/camera/idot_trucks/A34735/A34735_202305021807.jpg,0.007960728369653225,0.9501032829284668,0.0004310511576477438,0.04150504246354103,0.4
10,Bare,Bare,-93.780717,41.243273001,https://mesonet.agron.iastate.edu/archive/data/2023/05/02/camera/idot_trucks/A34712/A34712_202305021807.jpg,1.0,1.8316233675163412e-13,1.542951183486352e-11,2.5502866676987725e-17,0.4
11,Bare,Bare,-93.78002,41.262172001,https://mesonet.agron.iastate.edu/archive/data/2023/05/02/camera/idot_trucks/A35016/A35016_202305021808.jpg,1.0,8.744549135230352e-22,2.1459391535098343e-21,1.7555576676084338e-29,0.4
12,Bare,Bare,-93.559792,41.654607001,https://mesonet.agron.iastate.edu/archive/data/2023/05/02/camera/idot_trucks/A34336/A34336_202305021808.jpg,1.0,3.5681718690838693e-10,2.0634525338403265e-11,7.118663297722705e-13,0.4
13,Bare,Bare,-95.587465,41.485042001,https://mesonet.agron.iastate.edu/archive/data/2023/05/02/camera/idot_trucks/A32081/A32081_202305021808.jpg,0.9986867308616638,0.0013129254803061485,3.6330817465568543e-07,3.165723327924752e-08,0.4
14,Partly Snow Coverage,Partly Snow Coverage,-93.569595,41.949407001,https://mesonet.agron.iastate.edu/archive/data/2023/05/02/camera/idot_trucks/A33529/A33529_202305021810.jpg,0.21712979674339294,0.3950551450252533,0.34880053997039795,0.03901448845863342,0.4
15,Bare,Bare,-93.77886,41.316177001,https://mesonet.agron.iastate.edu/archive/data/2023/05/02/camera/idot_trucks/A34712/A34712_202305021812.jpg,1.0,3.0833679359743016e-11,3.295924366764069e-10,1.1024833457729151e-14,0.4
16,Partly Snow Coverage,Partly Snow Coverage,-93.779832,41.330803001,https://mesonet.agron.iastate.edu/archive/data/2023/05/02/camera/idot_trucks/A35016/A35016_202305021813.jpg,0.18332532048225403,0.7875642776489258,0.000284836016362533,0.028825512155890465,0.4
17,Bare,Bare,-95.879358,41.232592001,https://mesonet.agron.iastate.edu/archive/data/2023/05/02/camera/idot_trucks/A32866/A32866_202305021816.jpg,0.9984102249145508,0.0015869531780481339,7.795412670930091e-07,1.9920014437957434e-06,0.4
18,Bare,Bare,-93.779837,41.353808001,https://mesonet.agron.iastate.edu/archive/data/2023/05/02/camera/idot_trucks/A34712/A34712_202305021817.jpg,0.9998898506164551,3.6630350223276764e-05,6.720763485645875e-05,6.279216449911473e-06,0.4
19,Bare,Bare,-93.779507,41.343938001,https://mesonet.agron.iastate.edu/archive/data/2023/05/02/camera/idot_trucks/A35016/A35016_202305021818.jpg,0.6436063051223755,0.24551042914390564,0.005803769454360008,0.1050795167684555,0.4
20,Partly Snow Coverage,Partly Snow Coverage,-93.780163,41.291188001,https://mesonet.agron.iastate.edu/archive/data/2023/05/02/camera/idot_trucks/A34712/A34712_202305021827.jpg,0.01207949873059988,0.9804351329803467,0.006293344311416149,0.0011919951066374779,0.4
21,Bare,Bare,-93.496497,41.662088001,https://mesonet.agron.iastate.edu/archive/data/2023/05/02/camera/idot_trucks/A34000/A34000_202305021829.jpg,0.9941213726997375,0.0027700585778802633,3.7117039028089494e-05,0.0030714625027030706,0.4
22,Partly Snow Coverage,Partly Snow Coverage,-93.571368,42.008617001,https://mesonet.agron.iastate.edu/archive/data/2023/05/02/camera/idot_trucks/A35234/A35234_202305021833.jpg,0.015419997274875641,0.9845700860023499,4.249390258337371e-06,5.67239885640447e-06,0.4
23,Undefined,Undefined,-93.779768,41.287613001,https://mesonet.agron.iastate.edu/archive/data/2023/05/02/camera/idot_trucks/A34712/A34712_202305021837.jpg,1.217811404785607e-05,1.368261308698493e-07,0.9999877214431763,3.5023277611401227e-09,0.4
24,Bare,Bare,-93.779342,41.283832001,https://mesonet.agron.iastate.edu/archive/data/2023/05/02/camera/idot_trucks/A35016/A35016_202305021838.jpg,0.5751630067825317,0.4169325828552246,0.007892781868577003,1.1662665201583877e-05,0.4
25,Partly Snow Coverage,Partly Snow Coverage,-93.570125,41.928825001,https://mesonet.agron.iastate.edu/archive/data/2023/05/02/camera/idot_trucks/A35234/A35234_202305021838.jpg,0.21066312491893768,0.7798453569412231,0.0015326328575611115,0.007958857342600822,0.4
26,Bare,Bare,-93.347643,43.099322001,https://mesonet.agron.iastate.edu/archive/data/2023/05/02/camera/idot_trucks/A34342/A34342_202305021839.jpg,0.9905699491500854,0.004919412545859814,0.0009486381895840168,0.0035619966220110655,0.4
27,Bare,Bare,-93.343153,43.081935001,https://mesonet.agron.iastate.edu/archive/data/2023/05/02/camera/idot_trucks/A35266/A35266_202305021840.jpg,0.9999997615814209,2.7873389285559824e-07,1.4080629717749815e-10,7.808112338116013e-13,0.4
28,Bare,Bare,-93.343218,43.070830001,https://mesonet.agron.iastate.edu/archive/data/2023/05/02/camera/idot_trucks/A35711/A35711_202305021840.jpg,1.0,1.2456501607971404e-08,1.838453300706533e-08,5.4002375488027e-12,0.4
29,Partly Snow Coverage,Partly Snow Coverage,-95.578335,41.498303001,https://mesonet.agron.iastate.edu/archive/data/2023/05/02/camera/idot_trucks/A31606/A31606_202305021840.jpg,7.534872281667049e-08,0.9506618976593018,4.1034738273992843e-08,0.04933803156018257,0.4
30,Bare,Bare,-91.950678,41.687188001,https://mesonet.agron.iastate.edu/archive/data/2023/05/02/camera/idot_trucks/A35692/A35692_202305021841.jpg,0.9973573088645935,0.0026406235992908478,1.9755093489948194e-06,5.958448312526343e-08,0.4
31,Undefined,Undefined,-95.562908,41.498358001,https://mesonet.agron.iastate.edu/archive/data/2023/05/02/camera/idot_trucks/A33650/A33650_202305021841.jpg,0.35935989022254944,6.0219488659640774e-05,0.6325416564941406,0.008038206957280636,0.4
32,Partly Snow Coverage,Partly Snow Coverage,-93.571232,41.847830001,https://mesonet.agron.iastate.edu/archive/data/2023/05/02/camera/idot_trucks/A35234/A35234_202305021843.jpg,0.23546896874904633,0.764517068862915,8.40110624267254e-06,5.549657998926705e-06,0.4
33,Partly Snow Coverage,Partly Snow Coverage,-95.546867,41.498768001,https://mesonet.agron.iastate.edu/archive/data/2023/05/02/camera/idot_trucks/A32081/A32081_202305021843.jpg,0.44720152020454407,0.5413825511932373,0.011411351151764393,4.625311248673825e-06,0.4
34,Bare,Bare,-93.341028,42.999865001,https://mesonet.agron.iastate.edu/archive/data/2023/05/02/camera/idot_trucks/A35266/A35266_202305021845.jpg,1.0,5.7601464931167357e-08,2.6631597968562737e-11,2.5688517068730987e-14,0.4
35,Bare,Bare,-93.341058,42.989218001,https://mesonet.agron.iastate.edu/archive/data/2023/05/02/camera/idot_trucks/A35711/A35711_202305021845.jpg,0.9999982118606567,1.7501138245279435e-06,5.505341960088117e-08,2.0158463787112169e-10,0.4
36,Undefined,Undefined,-93.625117,41.649333001,https://mesonet.agron.iastate.edu/archive/data/2023/05/02/camera/idot_trucks/A35242/A35242_202305021846.jpg,9.537609457765939e-08,4.2665443400480285e-10,0.9999998807907104,2.6903278866827196e-13,0.4
37,Bare,Bare,-91.84534,41.687163001,https://mesonet.agron.iastate.edu/archive/data/2023/05/02/camera/idot_trucks/A35692/A35692_202305021846.jpg,0.9999991655349731,8.172775096682017e-07,1.9331942990863382e-10,3.061725677676319e-13,0.4
38,Partly Snow Coverage,Partly Snow Coverage,-93.57003,41.766005001,https://mesonet.agron.iastate.edu/archive/data/2023/05/02/camera/idot_trucks/A35234/A35234_202305021848.jpg,0.022700833156704903,0.9752928614616394,0.00024012307403609157,0.0017661306774243712,0.4
39,Bare,Bare,-93.503683,41.662228001,https://mesonet.agron.iastate.edu/archive/data/2023/05/02/camera/idot_trucks/A35707/A35707_202305021848.jpg,0.9922005534172058,0.0027255085296928883,6.634298188146204e-05,0.005007654428482056,0.4
40,Bare,Bare,-95.558317,41.498460001,https://mesonet.agron.iastate.edu/archive/data/2023/05/02/camera/idot_trucks/A32081/A32081_202305021848.jpg,0.9994578957557678,0.0002013560733757913,0.0003406941541470587,3.6308869244550124e-09,0.4
41,Bare,Bare,-95.57359,41.498935001,https://mesonet.agron.iastate.edu/archive/data/2023/05/02/camera/idot_trucks/A34676/A34676_202305021849.jpg,0.9986673593521118,0.0013278457336127758,4.560362413030816e-06,2.487517747340462e-07,0.4
42,Bare,Bare,-93.351307,42.919513001,https://mesonet.agron.iastate.edu/archive/data/2023/05/02/camera/idot_trucks/A35266/A35266_202305021850.jpg,0.9999997615814209,2.0368952391436324e-07,2.5471741382787627e-10,3.094351489450753e-13,0.4
43,Partly Snow Coverage,Partly Snow Coverage,-93.577728,41.650547001,https://mesonet.agron.iastate.edu/archive/data/2023/05/02/camera/idot_trucks/A33812/A33812_202305021850.jpg,0.13434460759162903,0.8651396036148071,3.124262730125338e-05,0.00048456675722263753,0.4
44,Full Snow Coverage,Full Snow Coverage,-94.025393,41.538912001,https://mesonet.agron.iastate.edu/archive/data/2023/05/02/camera/idot_trucks/A32095/A32095_202305021850.jpg,2.4129743906087242e-05,0.0011169133940711617,2.099366383845336e-06,0.998856782913208,0.4
45,Bare,Bare,-93.464633,41.665495001,https://mesonet.agron.iastate.edu/archive/data/2023/05/02/camera/idot_trucks/A34389/A34389_202305021850.jpg,0.9740657210350037,0.021758971735835075,0.0035595891531556845,0.0006158027681522071,0.4
46,Bare,Bare,-93.351172,42.908447001,https://mesonet.agron.iastate.edu/archive/data/2023/05/02/camera/idot_trucks/A35711/A35711_202305021850.jpg,1.0,5.886581912022126e-13,2.1179368514241768e-15,8.091891313074117e-22,0.4
47,Partly Snow Coverage,Partly Snow Coverage,-95.585732,41.494183001,https://mesonet.agron.iastate.edu/archive/data/2023/05/02/camera/idot_trucks/A31606/A31606_202305021850.jpg,0.005066334269940853,0.9125874638557434,1.6094258171506226e-05,0.08233017474412918,0.4
48,Bare,Bare,-93.600257,41.649608001,https://mesonet.agron.iastate.edu/archive/data/2023/05/02/camera/idot_trucks/A35242/A35242_202305021851.jpg,0.8619096279144287,1.5176623291424107e-09,0.1380903124809265,2.364068762972238e-08,0.4
49,Undefined,Undefined,-95.58818,41.482753001,https://mesonet.agron.iastate.edu/archive/data/2023/05/02/camera/idot_trucks/A33650/A33650_202305021851.jpg,0.00013966031838208437,3.2758589441073127e-06,0.9998041987419128,5.2971128752687946e-05,0.4
50,Bare,Bare,-94.046485,41.530485001,https://mesonet.agron.iastate.edu/archive/data/2023/05/02/camera/idot_trucks/A33546/A33546_202305021852.jpg,0.9776118993759155,5.8989307945012115e-06,0.022288108244538307,9.408937330590561e-05,0.4
51,Bare,Bare,-93.576057,41.685395001,https://mesonet.agron.iastate.edu/archive/data/2023/05/02/camera/idot_trucks/A35234/A35234_202305021853.jpg,0.9982479810714722,0.0017497335793450475,1.734419129206799e-06,5.783715550933266e-07,0.4
52,Bare,Bare,-95.596337,41.463190001,https://mesonet.agron.iastate.edu/archive/data/2023/05/02/camera/idot_trucks/A32081/A32081_202305021853.jpg,0.9998063445091248,0.00019361927115824074,3.830835737517191e-08,1.3812522237088842e-09,0.4
53,Partly Snow Coverage,Partly Snow Coverage,-95.601458,41.452500001,https://mesonet.agron.iastate.edu/archive/data/2023/05/02/camera/idot_trucks/A34676/A34676_202305021854.jpg,0.2238452285528183,0.7756286859512329,0.00016766555199865252,0.00035847059916704893,0.4
54,Bare,Bare,-93.35005,42.837673001,https://mesonet.agron.iastate.edu/archive/data/2023/05/02/camera/idot_trucks/A35266/A35266_202305021855.jpg,1.0,4.058791636118997e-10,1.926418746744929e-11,1.4477973331382225e-14,0.4
55,Bare,Bare,-93.578607,41.726188001,https://mesonet.agron.iastate.edu/archive/data/2023/05/02/camera/idot_trucks/A33812/A33812_202305021855.jpg,0.9917715191841125,0.008228369988501072,1.0230256464183185e-07,1.8574301208218458e-08,0.4
56,Bare,Bare,-94.0737,41.520515001,https://mesonet.agron.iastate.edu/archive/data/2023/05/02/camera/idot_trucks/A32095/A32095_202305021855.jpg,0.9990987777709961,0.0007959524518810213,7.727838237769902e-05,2.7988591682515107e-05,0.4
57,Bare,Bare,-93.349982,42.826202001,https://mesonet.agron.iastate.edu/archive/data/2023/05/02/camera/idot_trucks/A35711/A35711_202305021855.jpg,0.9999997615814209,1.8382083055712428e-07,1.3461443515438987e-08,1.9208523660552146e-11,0.4
58,Partly Snow Coverage,Partly Snow Coverage,-95.605467,41.444753001,https://mesonet.agron.iastate.edu/archive/data/2023/05/02/camera/idot_trucks/A31606/A31606_202305021855.jpg,0.00549805024638772,0.9945018291473389,9.860760741275953e-08,2.023307033027777e-08,0.4
59,Undefined,Undefined,-95.610478,41.441547001,https://mesonet.agron.iastate.edu/archive/data/2023/05/02/camera/idot_trucks/A33650/A33650_202305021856.jpg,0.0032459518406540155,1.9247838281444274e-05,0.9511127471923828,0.045622073113918304,0.4
60,Undefined,Undefined,-94.07649,41.520148001,https://mesonet.agron.iastate.edu/archive/data/2023/05/02/camera/idot_trucks/A33546/A33546_202305021857.jpg,4.9308229790767655e-05,6.572241773028509e-08,0.9919425249099731,0.008008013479411602,0.4
61,Bare,Bare,-93.77938,41.272918001,https://mesonet.agron.iastate.edu/archive/data/2023/05/02/camera/idot_trucks/A35016/A35016_202305021858.jpg,0.965192973613739,0.03459032624959946,0.00021620788902509958,4.4127716591901844e-07,0.4
62,Partly Snow Coverage,Partly Snow Coverage,-95.60712,41.443273001,https://mesonet.agron.iastate.edu/archive/data/2023/05/02/camera/idot_trucks/A32081/A32081_202305021858.jpg,0.10834575444459915,0.891653835773468,3.734942026767385e-07,5.52679395582345e-08,0.4
63,Bare,Bare,-93.57222,41.799647001,https://mesonet.agron.iastate.edu/archive/data/2023/05/02/camera/idot_trucks/A33812/A33812_202305021900.jpg,0.9947502017021179,0.005155378021299839,8.355516183655709e-05,1.082237849914236e-05,0.4
64,Bare,Bare,-94.090142,41.518013001,https://mesonet.agron.iastate.edu/archive/data/2023/05/02/camera/idot_trucks/A32095/A32095_202305021900.jpg,0.7976523041725159,0.0032498957589268684,0.003126351395621896,0.19597144424915314,0.4
65,Undefined,Undefined,-94.093053,41.517747001,https://mesonet.agron.iastate.edu/archive/data/2023/05/02/camera/idot_trucks/A33546/A33546_202305021902.jpg,0.061717476695775986,0.00016143721586558968,0.9190708994865417,0.019050201401114464,0.4
66,Bare,Bare,-93.780002,41.265568001,https://mesonet.agron.iastate.edu/archive/data/2023/05/02/camera/idot_trucks/A34712/A34712_202305021902.jpg,0.99977046251297,9.758140606663801e-08,0.00022728672774974257,2.0789857444469817e-06,0.4
67,Bare,Bare,-93.780995,41.247648001,https://mesonet.agron.iastate.edu/archive/data/2023/05/02/camera/idot_trucks/A35016/A35016_202305021903.jpg,1.0,3.148483429527005e-08,6.93770374482483e-09,1.9439252291197917e-11,0.4
68,Partly Snow Coverage,Partly Snow Coverage,-93.569207,42.007773001,https://mesonet.agron.iastate.edu/archive/data/2023/05/02/camera/idot_trucks/A35706/A35706_202305021904.jpg,0.00034030096139758825,0.999659538269043,8.013466334944042e-09,8.800052597734975e-08,0.4
69,Bare,Bare,-93.5729,41.874707001,https://mesonet.agron.iastate.edu/archive/data/2023/05/02/camera/idot_trucks/A33812/A33812_202305021905.jpg,0.9206801652908325,0.07772025465965271,0.0013736544642597437,0.00022594201436731964,0.4
70,Full Snow Coverage,Full Snow Coverage,-94.10757,41.517722001,https://mesonet.agron.iastate.edu/archive/data/2023/05/02/camera/idot_trucks/A32095/A32095_202305021905.jpg,0.0013802681351080537,0.000516262196470052,9.897487325360999e-05,0.9980044960975647,0.4
71,Undefined,Undefined,-93.521742,41.659917001,https://mesonet.agron.iastate.edu/archive/data/2023/05/02/camera/idot_trucks/A34389/A34389_202305021905.jpg,0.10593130439519882,2.1082983948872425e-05,0.8937767744064331,0.0002708031970541924,0.4
72,Undefined,Undefined,-95.615922,41.439020001,https://mesonet.agron.iastate.edu/archive/data/2023/05/02/camera/idot_trucks/A33650/A33650_202305021906.jpg,0.02203729748725891,0.07595605403184891,0.7893598675727844,0.11264678835868835,0.4
73,Bare,Bare,-94.109843,41.517747001,https://mesonet.agron.iastate.edu/archive/data/2023/05/02/camera/idot_trucks/A33546/A33546_202305021907.jpg,0.9980564117431641,0.0005301008932292461,0.001368035445921123,4.5582484744954854e-05,0.4
74,Bare,Bare,-93.784107,41.180265001,https://mesonet.agron.iastate.edu/archive/data/2023/05/02/camera/idot_trucks/A34712/A34712_202305021907.jpg,0.968128502368927,0.030884334817528725,0.000954788934905082,3.226062108296901e-05,0.4
75,Bare,Bare,-93.784317,41.166983001,https://mesonet.agron.iastate.edu/archive/data/2023/05/02/camera/idot_trucks/A35016/A35016_202305021908.jpg,1.0,2.0163479774737425e-08,1.1743874761549478e-09,2.0436765127418433e-11,0.4
76,Bare,Bare,-95.631185,41.429092001,https://mesonet.agron.iastate.edu/archive/data/2023/05/02/camera/idot_trucks/A32081/A32081_202305021908.jpg,0.9003077149391174,0.09968502819538116,7.324605121539207e-06,1.244961289614821e-08,0.4
77,Partly Snow Coverage,Partly Snow Coverage,-93.570782,41.974705001,https://mesonet.agron.iastate.edu/archive/data/2023/05/02/camera/idot_trucks/A35677/A35677_202305021909.jpg,0.011012395843863487,0.6591410636901855,0.0020682988688349724,0.32777824997901917,0.4
78,Bare,Bare,-95.645083,41.416417001,https://mesonet.agron.iastate.edu/archive/data/2023/05/02/camera/idot_trucks/A34676/A34676_202305021909.jpg,0.9819419384002686,0.01780019886791706,0.00023827565019018948,1.9636569049907848e-05,0.4
79,Bare,Bare,-93.349567,42.830518001,https://mesonet.agron.iastate.edu/archive/data/2023/05/02/camera/idot_trucks/A35266/A35266_202305021910.jpg,1.0,1.7901509608009292e-08,3.165874246785494e-12,1.4213786719748924e-15,0.4
80,Bare,Bare,-93.571272,41.952873001,https://mesonet.agron.iastate.edu/archive/data/2023/05/02/camera/idot_trucks/A33812/A33812_202305021910.jpg,0.9903355836868286,0.009456726722419262,0.0001806624059099704,2.7038553525926545e-05,0.4
81,Bare,Bare,-94.124212,41.517802001,https://mesonet.agron.iastate.edu/archive/data/2023/05/02/camera/idot_trucks/A32095/A32095_202305021910.jpg,0.9945768117904663,0.004850925877690315,0.0001160751489805989,0.0004562860995065421,0.4
82,Bare,Bare,-93.349603,42.837550001,https://mesonet.agron.iastate.edu/archive/data/2023/05/02/camera/idot_trucks/A35711/A35711_202305021910.jpg,0.9423254728317261,0.057674385607242584,1.0864695099144228e-07,9.575025217145594e-09,0.4
83,Bare,Bare,-95.657763,41.403862001,https://mesonet.agron.iastate.edu/archive/data/2023/05/02/camera/idot_trucks/A31606/A31606_202305021910.jpg,0.9612125754356384,0.03876950964331627,1.7508167729829438e-05,3.730408479896141e-07,0.4
84,Undefined,Undefined,-95.668042,41.391110001,https://mesonet.agron.iastate.edu/archive/data/2023/05/02/camera/idot_trucks/A33650/A33650_202305021911.jpg,0.0017079502576962113,0.06341086328029633,0.5484409928321838,0.3864402174949646,0.4
85,Bare,Bare,-93.777888,41.098060001,https://mesonet.agron.iastate.edu/archive/data/2023/05/02/camera/idot_trucks/A34712/A34712_202305021912.jpg,0.9970381259918213,0.0022825757041573524,0.0006668716669082642,1.2440655154932756e-05,0.4
86,Bare,Bare,-93.780768,41.087275001,https://mesonet.agron.iastate.edu/archive/data/2023/05/02/camera/idot_trucks/A35016/A35016_202305021913.jpg,0.9996192455291748,0.00036982522578909993,1.0593660590529907e-05,2.7510949962561426e-07,0.4
87,Bare,Bare,-95.676947,41.376237001,https://mesonet.agron.iastate.edu/archive/data/2023/05/02/camera/idot_trucks/A32081/A32081_202305021913.jpg,0.9999092817306519,9.075547131942585e-05,3.144615234873527e-08,2.3673036864124697e-09,0.4
88,Full Snow Coverage,Full Snow Coverage,-93.571238,41.893075001,https://mesonet.agron.iastate.edu/archive/data/2023/05/02/camera/idot_trucks/A35677/A35677_202305021914.jpg,0.00037096560117788613,0.11923813819885254,0.0008250900427810848,0.8795657753944397,0.4
89,Bare,Bare,-93.350778,42.912220001,https://mesonet.agron.iastate.edu/archive/data/2023/05/02/camera/idot_trucks/A35266/A35266_202305021915.jpg,0.9999982118606567,1.7559366369823692e-06,3.162226591690853e-10,1.6558747645625815e-12,0.4
90,Bare,Bare,-93.35086,42.919092001,https://mesonet.agron.iastate.edu/archive/data/2023/05/02/camera/idot_trucks/A35711/A35711_202305021915.jpg,0.9996457099914551,0.00035433145239949226,5.544594561257554e-09,2.368790753826122e-11,0.4
91,Undefined,Undefined,-95.670635,41.380993001,https://mesonet.agron.iastate.edu/archive/data/2023/05/02/camera/idot_trucks/A33650/A33650_202305021916.jpg,0.3725876212120056,0.002222825540229678,0.5989396572113037,0.02624993771314621,0.4
92,Bare,Bare,-94.129998,41.517863001,https://mesonet.agron.iastate.edu/archive/data/2023/05/02/camera/idot_trucks/A33546/A33546_202305021917.jpg,0.9932251572608948,0.006609869189560413,0.00016257190145552158,2.366790340602165e-06,0.4
93,Partly Snow Coverage,Partly Snow Coverage,-95.661122,41.400175001,https://mesonet.agron.iastate.edu/archive/data/2023/05/02/camera/idot_trucks/A32081/A32081_202305021918.jpg,0.45313236117362976,0.5468671321868896,4.550645940071263e-07,1.0769605651717029e-08,0.4
94,Full Snow Coverage,Full Snow Coverage,-93.570688,41.811825001,https://mesonet.agron.iastate.edu/archive/data/2023/05/02/camera/idot_trucks/A35677/A35677_202305021919.jpg,3.3432643249398097e-06,2.720213888096623e-05,0.0068260119296610355,0.9931434392929077,0.4
95,Bare,Bare,-95.650248,41.410957001,https://mesonet.agron.iastate.edu/archive/data/2023/05/02/camera/idot_trucks/A34676/A34676_202305021919.jpg,0.9984353184700012,0.0015647278632968664,5.107452949459912e-08,3.8982572725387854e-10,0.4
96,Bare,Bare,-93.340548,42.992602001,https://mesonet.agron.iastate.edu/archive/data/2023/05/02/camera/idot_trucks/A35266/A35266_202305021920.jpg,1.0,7.836783305625872e-11,1.14923478719553e-13,4.973429719547734e-17,0.4
97,Full Snow Coverage,Full Snow Coverage,-94.143478,41.517913001,https://mesonet.agron.iastate.edu/archive/data/2023/05/02/camera/idot_trucks/A32095/A32095_202305021920.jpg,0.052945639938116074,0.01241162046790123,0.0009993687272071838,0.9336433410644531,0.4
98,Bare,Bare,-93.340565,43.000003001,https://mesonet.agron.iastate.edu/archive/data/2023/05/02/camera/idot_trucks/A35711/A35711_202305021920.jpg,0.9993871450424194,0.0006128299282863736,5.425052407304065e-08,5.3375892594687e-10,0.4
99,Partly Snow Coverage,Partly Snow Coverage,-95.639083,41.421542001,https://mesonet.agron.iastate.edu/archive/data/2023/05/02/camera/idot_trucks/A31606/A31606_202305021920.jpg,0.0002659736492205411,0.9996029734611511,4.935341735290422e-07,0.00013062953075859696,0.4
100,Undefined,Undefined,-95.628262,41.431420001,https://mesonet.agron.iastate.edu/archive/data/2023/05/02/camera/idot_trucks/A33650/A33650_202305021921.jpg,0.4314737915992737,7.46053865441354e-06,0.5681400895118713,0.0003786457236856222,0.4
101,Bare,Bare,-94.144963,41.517887001,https://mesonet.agron.iastate.edu/archive/data/2023/05/02/camera/idot_trucks/A33546/A33546_202305021922.jpg,0.981124758720398,0.0005912933265790343,0.017875006422400475,0.0004088959249202162,0.4
102,Bare,Bare,-95.618853,41.437492001,https://mesonet.agron.iastate.edu/archive/data/2023/05/02/camera/idot_trucks/A32081/A32081_202305021923.jpg,0.9997425675392151,0.0002549156197346747,2.5114256914093858e-06,5.559544824507157e-09,0.4
103,Full Snow Coverage,Full Snow Coverage,-93.577132,41.731443001,https://mesonet.agron.iastate.edu/archive/data/2023/05/02/camera/idot_trucks/A35677/A35677_202305021924.jpg,0.01656349189579487,0.13867206871509552,0.008049973286688328,0.8367144465446472,0.4
104,Bare,Bare,-93.342903,43.073857001,https://mesonet.agron.iastate.edu/archive/data/2023/05/02/camera/idot_trucks/A35266/A35266_202305021925.jpg,1.0,5.287422930044805e-11,6.16743526908603e-14,3.789968685969949e-18,0.4
105,Full Snow Coverage,Full Snow Coverage,-94.160833,41.517998001,https://mesonet.agron.iastate.edu/archive/data/2023/05/02/camera/idot_trucks/A32095/A32095_202305021925.jpg,0.008966351859271526,0.06293178349733353,0.001048973179422319,0.9270527958869934,0.4
106,Bare,Bare,-93.342717,43.081592001,https://mesonet.agron.iastate.edu/archive/data/2023/05/02/camera/idot_trucks/A35711/A35711_202305021925.jpg,0.9981614947319031,0.0018382464768365026,1.8032828563718795e-07,4.573420309128551e-09,0.4
107,Bare,Bare,-94.162345,41.517998001,https://mesonet.agron.iastate.edu/archive/data/2023/05/02/camera/idot_trucks/A33546/A33546_202305021927.jpg,0.9066945314407349,0.08154422044754028,0.011264157481491566,0.0004970583831891418,0.4
108,Bare,Bare,-93.904425,41.558267001,https://mesonet.agron.iastate.edu/archive/data/2023/05/02/camera/idot_trucks/A35278/A35278_202305021928.jpg,0.997577965259552,0.002345513319596648,7.122517126845196e-05,5.371455699787475e-06,0.4
109,Full Snow Coverage,Full Snow Coverage,-93.577738,41.651935001,https://mesonet.agron.iastate.edu/archive/data/2023/05/02/camera/idot_trucks/A35677/A35677_202305021929.jpg,0.0052492208778858185,0.03009149432182312,0.003072641557082534,0.9615866541862488,0.4
110,Full Snow Coverage,Full Snow Coverage,-94.17817,41.518092001,https://mesonet.agron.iastate.edu/archive/data/2023/05/02/camera/idot_trucks/A32095/A32095_202305021930.jpg,0.12535203993320465,0.0017785199452191591,0.0037740743719041348,0.8690953254699707,0.4
111,Bare,Bare,-94.180678,41.518092001,https://mesonet.agron.iastate.edu/archive/data/2023/05/02/camera/idot_trucks/A33546/A33546_202305021932.jpg,0.9683800935745239,0.023241808637976646,0.008319282904267311,5.881194374524057e-05,0.4
112,Bare,Bare,-94.005547,41.541193001,https://mesonet.agron.iastate.edu/archive/data/2023/05/02/camera/idot_trucks/A35278/A35278_202305021933.jpg,0.9999991655349731,8.759991487750085e-07,2.7129852142593336e-08,2.7572815558540853e-11,0.4
113,Bare,Bare,-93.385152,42.765290001,https://mesonet.agron.iastate.edu/archive/data/2023/05/02/camera/idot_trucks/A35283/A35283_202305021934.jpg,1.0,1.8519754940081413e-15,2.0507936878958513e-16,2.922883323948186e-23,0.4
114,Bare,Bare,-93.379962,42.774078001,https://mesonet.agron.iastate.edu/archive/data/2023/05/02/camera/idot_trucks/A33826/A33826_202305021935.jpg,1.0,3.1306832126709594e-10,1.2634804313904624e-10,7.498624117474595e-14,0.4
115,Bare,Bare,-94.195347,41.514462001,https://mesonet.agron.iastate.edu/archive/data/2023/05/02/camera/idot_trucks/A32095/A32095_202305021935.jpg,0.9992403984069824,0.0005084438598714769,0.00024656380992382765,4.707531388703501e-06,0.4
116,Partly Snow Coverage,Partly Snow Coverage,-94.197585,41.512652001,https://mesonet.agron.iastate.edu/archive/data/2023/05/02/camera/idot_trucks/A33546/A33546_202305021937.jpg,0.06435137987136841,0.6722596883773804,0.005416684318333864,0.25797227025032043,0.4
117,Full Snow Coverage,Full Snow Coverage,-94.207388,41.504957001,https://mesonet.agron.iastate.edu/archive/data/2023/05/02/camera/idot_trucks/A32095/A32095_202305021940.jpg,0.0008127535693347454,0.036428507417440414,0.0011905059218406677,0.9615682363510132,0.4
118,Partly Snow Coverage,Partly Snow Coverage,-95.602108,41.450683001,https://mesonet.agron.iastate.edu/archive/data/2023/05/02/camera/idot_trucks/A31606/A31606_202305021940.jpg,0.007756448816508055,0.986562967300415,3.7299218092812225e-05,0.005643208045512438,0.4
119,Undefined,Undefined,-95.597218,41.460803001,https://mesonet.agron.iastate.edu/archive/data/2023/05/02/camera/idot_trucks/A33650/A33650_202305021941.jpg,0.1537962704896927,1.8174685465055518e-05,0.8449561595916748,0.001229438348673284,0.4
120,Partly Snow Coverage,Partly Snow Coverage,-94.208528,41.504058001,https://mesonet.agron.iastate.edu/archive/data/2023/05/02/camera/idot_trucks/A33546/A33546_202305021942.jpg,0.29554134607315063,0.6939467191696167,0.010445093736052513,6.681586819468066e-05,0.4
121,Bare,Bare,-95.58959,41.476685001,https://mesonet.agron.iastate.edu/archive/data/2023/05/02/camera/idot_trucks/A32081/A32081_202305021943.jpg,0.9999920129776001,8.039739441301208e-06,2.4629056127878357e-08,3.716523977459474e-09,0.4
122,Bare,Bare,-95.585663,41.492052001,https://mesonet.agron.iastate.edu/archive/data/2023/05/02/camera/idot_trucks/A34676/A34676_202305021944.jpg,0.8273068070411682,0.1724647730588913,0.00012097118451492861,0.00010748559725470841,0.4
123,Partly Snow Coverage,Partly Snow Coverage,-94.219137,41.495855001,https://mesonet.agron.iastate.edu/archive/data/2023/05/02/camera/idot_trucks/A32095/A32095_202305021945.jpg,0.00011019010707968846,0.8727219700813293,6.95505877956748e-05,0.12709833681583405,0.4
124,Bare,Bare,-94.221355,41.494818001,https://mesonet.agron.iastate.edu/archive/data/2023/05/02/camera/idot_trucks/A33546/A33546_202305021947.jpg,0.9659007787704468,0.016361264511942863,0.01566334255039692,0.0020744740031659603,0.4
125,Full Snow Coverage,Full Snow Coverage,-94.236505,41.493795001,https://mesonet.agron.iastate.edu/archive/data/2023/05/02/camera/idot_trucks/A32095/A32095_202305021950.jpg,0.012115344405174255,0.44478899240493774,0.029318485409021378,0.5137771368026733,0.4
126,Bare,Bare,-94.239328,41.493713001,https://mesonet.agron.iastate.edu/archive/data/2023/05/02/camera/idot_trucks/A33546/A33546_202305021952.jpg,0.9928072690963745,0.004303032997995615,0.002796368906274438,9.334318747278303e-05,0.4
127,Full Snow Coverage,Full Snow Coverage,-94.254077,41.493252001,https://mesonet.agron.iastate.edu/archive/data/2023/05/02/camera/idot_trucks/A32095/A32095_202305021955.jpg,5.964999672869453e-06,0.00018978789739776403,1.5550907846773043e-05,0.9997888207435608,0.4
128,Bare,Bare,-94.255752,41.493277001,https://mesonet.agron.iastate.edu/archive/data/2023/05/02/camera/idot_trucks/A33546/A33546_202305021957.jpg,0.9356706142425537,0.037405163049697876,0.025954140350222588,0.0009700495866127312,0.4
129,Full Snow Coverage,Full Snow Coverage,-93.574238,41.680858001,https://mesonet.agron.iastate.edu/archive/data/2023/05/02/camera/idot_trucks/A34336/A34336_202305021958.jpg,0.001735546626150608,7.861026097089052e-05,4.6066106733633205e-05,0.9981397390365601,0.4
130,Full Snow Coverage,Full Snow Coverage,-94.271177,41.493355001,https://mesonet.agron.iastate.edu/archive/data/2023/05/02/camera/idot_trucks/A32095/A32095_202305022000.jpg,0.11990056931972504,0.04511629417538643,0.012241729535162449,0.8227413892745972,0.4
131,Bare,Bare,-94.274532,41.493223001,https://mesonet.agron.iastate.edu/archive/data/2023/05/02/camera/idot_trucks/A33546/A33546_202305022002.jpg,0.9950693845748901,0.0016985228285193443,0.0032104463316500187,2.1663692677975632e-05,0.4
132,Full Snow Coverage,Full Snow Coverage,-94.289988,41.493205001,https://mesonet.agron.iastate.edu/archive/data/2023/05/02/camera/idot_trucks/A32095/A32095_202305022005.jpg,6.271185702644289e-05,3.88456137443427e-05,2.9173039365559816e-05,0.9998692274093628,0.4
133,Partly Snow Coverage,Partly Snow Coverage,-94.292275,41.493162001,https://mesonet.agron.iastate.edu/archive/data/2023/05/02/camera/idot_trucks/A33546/A33546_202305022007.jpg,0.40107595920562744,0.595241904258728,0.003323832293972373,0.0003583005745895207,0.4
134,Bare,Bare,-95.180343,41.498035001,https://mesonet.agron.iastate.edu/archive/data/2023/05/02/camera/idot_trucks/A34762/A34762_202305022007.jpg,0.9450268149375916,0.054835643619298935,9.934783884091303e-05,3.820908386842348e-05,0.4
135,Bare,Bare,-93.576905,41.662840001,https://mesonet.agron.iastate.edu/archive/data/2023/05/02/camera/idot_trucks/A35234/A35234_202305022007.jpg,0.9999932050704956,6.768198545614723e-06,5.040164952063719e-10,1.872284879217423e-12,0.4
136,Bare,Bare,-95.243523,41.497547001,https://mesonet.agron.iastate.edu/archive/data/2023/05/02/camera/idot_trucks/A34707/A34707_202305022009.jpg,0.9910356998443604,6.562835096701747e-06,0.008529621176421642,0.00042806880082935095,0.4
137,Partly Snow Coverage,Partly Snow Coverage,-95.189647,41.497788001,https://mesonet.agron.iastate.edu/archive/data/2023/05/02/camera/idot_trucks/A33648/A33648_202305022009.jpg,0.05615457519888878,0.5210559964179993,0.12500809133052826,0.2977813482284546,0.4
138,Full Snow Coverage,Full Snow Coverage,-94.307552,41.493172001,https://mesonet.agron.iastate.edu/archive/data/2023/05/02/camera/idot_trucks/A32095/A32095_202305022010.jpg,0.0009521314641460776,0.0011807515984401107,0.00037620359216816723,0.9974908828735352,0.4
139,Bare,Bare,-94.310573,41.493158001,https://mesonet.agron.iastate.edu/archive/data/2023/05/02/camera/idot_trucks/A33546/A33546_202305022012.jpg,0.9549835324287415,0.00985901802778244,0.033495865762233734,0.0016615331405773759,0.4
140,Bare,Bare,-95.2796,41.498572001,https://mesonet.agron.iastate.edu/archive/data/2023/05/02/camera/idot_trucks/A34762/A34762_202305022012.jpg,0.9997685551643372,0.0002205774508183822,1.0806512364069931e-05,7.23560411586277e-09,0.4
141,Partly Snow Coverage,Partly Snow Coverage,-93.577987,41.743032001,https://mesonet.agron.iastate.edu/archive/data/2023/05/02/camera/idot_trucks/A35234/A35234_202305022012.jpg,0.20749816298484802,0.7924158573150635,1.6803276594146155e-05,6.91736931912601e-05,0.4
142,Bare,Bare,-95.181313,41.498025001,https://mesonet.agron.iastate.edu/archive/data/2023/05/02/camera/idot_trucks/A34763/A34763_202305022013.jpg,0.9999995231628418,4.246399214480334e-07,9.442266524217757e-09,3.303339806554062e-12,0.4
143,Partly Snow Coverage,Partly Snow Coverage,-95.286267,41.498847001,https://mesonet.agron.iastate.edu/archive/data/2023/05/02/camera/idot_trucks/A33648/A33648_202305022014.jpg,0.09770449250936508,0.46138766407966614,0.3064698278903961,0.13443799316883087,0.4
144,Bare,Bare,-94.325588,41.493258001,https://mesonet.agron.iastate.edu/archive/data/2023/05/02/camera/idot_trucks/A32095/A32095_202305022015.jpg,0.9132002592086792,0.06299525499343872,0.018087081611156464,0.005717451684176922,0.4
145,Bare,Bare,-94.328398,41.493167001,https://mesonet.agron.iastate.edu/archive/data/2023/05/02/camera/idot_trucks/A33546/A33546_202305022017.jpg,0.9141618609428406,0.07382302731275558,0.01119963638484478,0.0008155118557624519,0.4
146,Partly Snow Coverage,Partly Snow Coverage,-93.571963,41.822442001,https://mesonet.agron.iastate.edu/archive/data/2023/05/02/camera/idot_trucks/A35234/A35234_202305022017.jpg,0.007073773071169853,0.9929211735725403,1.403193209625897e-06,3.6724013625644147e-06,0.4
147,Bare,Bare,-95.288157,41.498818001,https://mesonet.agron.iastate.edu/archive/data/2023/05/02/camera/idot_trucks/A34763/A34763_202305022018.jpg,0.9999921321868896,7.889563676144462e-06,3.778654544817073e-08,1.1195670779340361e-10,0.4
148,Bare,Bare,-93.57695,41.654330001,https://mesonet.agron.iastate.edu/archive/data/2023/05/02/camera/idot_trucks/A34336/A34336_202305022018.jpg,1.0,3.3418358358350275e-11,3.5488582558751425e-12,4.593009686706842e-16,0.4
149,Bare,Bare,-93.493472,41.661782001,https://mesonet.agron.iastate.edu/archive/data/2023/05/02/camera/idot_trucks/A35707/A35707_202305022019.jpg,0.9999661445617676,3.1131086871027946e-05,1.0557746463746298e-06,1.722868091746932e-06,0.4
150,Full Snow Coverage,Full Snow Coverage,-94.343198,41.493185001,https://mesonet.agron.iastate.edu/archive/data/2023/05/02/camera/idot_trucks/A32095/A32095_202305022020.jpg,2.027621303568594e-05,2.9629922210006043e-05,4.717380761576351e-06,0.9999452829360962,0.4
151,Bare,Bare,-94.346273,41.493200001,https://mesonet.agron.iastate.edu/archive/data/2023/05/02/camera/idot_trucks/A33546/A33546_202305022022.jpg,0.8927645087242126,0.06760209053754807,0.0392472967505455,0.00038615745143033564,0.4
152,Bare,Bare,-93.571878,41.903002001,https://mesonet.agron.iastate.edu/archive/data/2023/05/02/camera/idot_trucks/A35234/A35234_202305022022.jpg,0.9620425701141357,0.03788917139172554,6.450130604207516e-05,3.7569875530607533e-06,0.4
153,Bare,Bare,-93.498622,41.661942001,https://mesonet.agron.iastate.edu/archive/data/2023/05/02/camera/idot_trucks/A34336/A34336_202305022023.jpg,0.999927282333374,7.112386811058968e-05,1.1037625426979503e-06,4.56166105777811e-07,0.4
154,Partly Snow Coverage,Partly Snow Coverage,-94.360515,41.493473001,https://mesonet.agron.iastate.edu/archive/data/2023/05/02/camera/idot_trucks/A32095/A32095_202305022025.jpg,0.0005494949873536825,0.9980342984199524,0.0013819335727021098,3.425283284741454e-05,0.4
155,Bare,Bare,-94.3638,41.494508001,https://mesonet.agron.iastate.edu/archive/data/2023/05/02/camera/idot_trucks/A33546/A33546_202305022027.jpg,0.9991844296455383,0.0008039037347771227,1.1645890481304377e-05,2.789434816463654e-08,0.4
156,Partly Snow Coverage,Partly Snow Coverage,-93.571707,41.983210001,https://mesonet.agron.iastate.edu/archive/data/2023/05/02/camera/idot_trucks/A35234/A35234_202305022027.jpg,0.36986270546913147,0.6277143359184265,0.0013617472723126411,0.0010612012119963765,0.4
157,Bare,Bare,-93.505682,41.661978001,https://mesonet.agron.iastate.edu/archive/data/2023/05/02/camera/idot_trucks/A32084/A32084_202305022030.jpg,0.9999163150787354,7.251389615703374e-05,1.15202192318975e-06,1.0006387128669303e-05,0.4
158,Partly Snow Coverage,Partly Snow Coverage,-94.377648,41.496195001,https://mesonet.agron.iastate.edu/archive/data/2023/05/02/camera/idot_trucks/A32095/A32095_202305022030.jpg,0.14433661103248596,0.6178869605064392,0.020033126696944237,0.21774321794509888,0.4
159,Bare,Bare,-94.379805,41.496210001,https://mesonet.agron.iastate.edu/archive/data/2023/05/02/camera/idot_trucks/A33546/A33546_202305022032.jpg,0.9923088550567627,0.002793871099129319,0.004470886662602425,0.00042636398575268686,0.4
160,Full Snow Coverage,Full Snow Coverage,-94.39512,41.496143001,https://mesonet.agron.iastate.edu/archive/data/2023/05/02/camera/idot_trucks/A32095/A32095_202305022035.jpg,0.0008978962432593107,0.13163115084171295,0.0021510948427021503,0.8653198480606079,0.4
161,Bare,Bare,-94.398908,41.496143001,https://mesonet.agron.iastate.edu/archive/data/2023/05/02/camera/idot_trucks/A33546/A33546_202305022037.jpg,0.9272443652153015,0.0018202983774244785,0.06706353276968002,0.003871836932376027,0.4
162,Full Snow Coverage,Full Snow Coverage,-94.412918,41.496100001,https://mesonet.agron.iastate.edu/archive/data/2023/05/02/camera/idot_trucks/A32095/A32095_202305022040.jpg,0.014821318909525871,0.07373975962400436,0.0003897237475030124,0.9110492467880249,0.4
163,Bare,Bare,-94.41668,41.496090001,https://mesonet.agron.iastate.edu/archive/data/2023/05/02/camera/idot_trucks/A33546/A33546_202305022042.jpg,0.9957156777381897,0.0006257997010834515,0.0035498118959367275,0.00010872777056647465,0.4
164,Bare,Bare,-94.43066,41.496098001,https://mesonet.agron.iastate.edu/archive/data/2023/05/02/camera/idot_trucks/A32095/A32095_202305022045.jpg,0.9851052761077881,0.00403450196608901,0.010047804564237595,0.0008123336592689157,0.4
165,Bare,Bare,-94.434203,41.496073001,https://mesonet.agron.iastate.edu/archive/data/2023/05/02/camera/idot_trucks/A33546/A33546_202305022047.jpg,0.8591365814208984,0.04476940259337425,0.09484462440013885,0.00124943139962852,0.4
166,Full Snow Coverage,Full Snow Coverage,-94.448735,41.496128001,https://mesonet.agron.iastate.edu/archive/data/2023/05/02/camera/idot_trucks/A32095/A32095_202305022050.jpg,0.002389770234003663,0.018880724906921387,2.7582762413658202e-05,0.9787019491195679,0.4
167,Bare,Bare,-94.452227,41.496117001,https://mesonet.agron.iastate.edu/archive/data/2023/05/02/camera/idot_trucks/A33546/A33546_202305022052.jpg,0.6788010001182556,0.3100717067718506,0.011094937101006508,3.231693699490279e-05,0.4
168,Bare,Bare,-94.466055,41.496068001,https://mesonet.agron.iastate.edu/archive/data/2023/05/02/camera/idot_trucks/A32095/A32095_202305022055.jpg,0.9998435974121094,3.525183046804159e-06,0.0001527912390884012,4.2656868259882685e-08,0.4
169,Bare,Bare,-94.469083,41.496107001,https://mesonet.agron.iastate.edu/archive/data/2023/05/02/camera/idot_trucks/A33546/A33546_202305022057.jpg,0.9998195767402649,5.420776506070979e-05,0.0001260596764041111,1.371414413142702e-07,0.4
170,Bare,Bare,-94.483942,41.496192001,https://mesonet.agron.iastate.edu/archive/data/2023/05/02/camera/idot_trucks/A32095/A32095_202305022100.jpg,0.999981164932251,2.527534206819837e-06,1.5764793715788983e-05,5.311233621796418e-07,0.4
171,Bare,Bare,-94.48839,41.496238001,https://mesonet.agron.iastate.edu/archive/data/2023/05/02/camera/idot_trucks/A33546/A33546_202305022102.jpg,0.9986912608146667,2.80692552223627e-06,0.0013059243792667985,1.2340117372389159e-08,0.4
172,Bare,Bare,-94.501458,41.496287001,https://mesonet.agron.iastate.edu/archive/data/2023/05/02/camera/idot_trucks/A32095/A32095_202305022105.jpg,0.9995366334915161,0.0004487087426241487,1.4429106158786453e-05,1.854889006835947e-07,0.4
173,Bare,Bare,-94.505573,41.496335001,https://mesonet.agron.iastate.edu/archive/data/2023/05/02/camera/idot_trucks/A33546/A33546_202305022107.jpg,0.9999924898147583,2.4955548383331916e-07,7.288268989213975e-06,1.2569534746376121e-08,0.4
174,Full Snow Coverage,Full Snow Coverage,-94.519558,41.496352001,https://mesonet.agron.iastate.edu/archive/data/2023/05/02/camera/idot_trucks/A32095/A32095_202305022110.jpg,0.2584759593009949,0.2350442260503769,0.16643662750720978,0.34004318714141846,0.4
175,Bare,Bare,-94.523618,41.496382001,https://mesonet.agron.iastate.edu/archive/data/2023/05/02/camera/idot_trucks/A33546/A33546_202305022112.jpg,0.9999754428863525,2.0460603991523385e-05,4.01704619434895e-06,9.378255327874285e-08,0.4
176,Bare,Bare,-94.536777,41.496572001,https://mesonet.agron.iastate.edu/archive/data/2023/05/02/camera/idot_trucks/A32095/A32095_202305022115.jpg,0.9987443685531616,0.00015892436204012483,0.0008855331689119339,0.0002111750072799623,0.4
177,Bare,Bare,-94.54078,41.496672001,https://mesonet.agron.iastate.edu/archive/data/2023/05/02/camera/idot_trucks/A33546/A33546_202305022117.jpg,0.9999454021453857,8.068809620453976e-07,5.36998086317908e-05,2.2194740267877933e-08,0.4
178,Bare,Bare,-94.554632,41.496833001,https://mesonet.agron.iastate.edu/archive/data/2023/05/02/camera/idot_trucks/A32095/A32095_202305022120.jpg,0.999954104423523,5.435113052953966e-06,4.030865602544509e-05,1.132029581185634e-07,0.4
179,Bare,Bare,-94.558912,41.496950001,https://mesonet.agron.iastate.edu/archive/data/2023/05/02/camera/idot_trucks/A33546/A33546_202305022122.jpg,0.9999997615814209,2.3749105082515598e-07,4.091220873192469e-08,1.8315909899868643e-10,0.4
180,Bare,Bare,-94.572353,41.496933001,https://mesonet.agron.iastate.edu/archive/data/2023/05/02/camera/idot_trucks/A32095/A32095_202305022125.jpg,0.9999386072158813,5.9055699239252135e-05,2.2008414362062467e-06,1.333670809344767e-07,0.4
181,Bare,Bare,-94.576775,41.496917001,https://mesonet.agron.iastate.edu/archive/data/2023/05/02/camera/idot_trucks/A33546/A33546_202305022127.jpg,0.9734715819358826,0.006724564358592033,0.004115998279303312,0.015687916427850723,0.4
182,Bare,Bare,-94.640477,41.493380001,https://mesonet.agron.iastate.edu/archive/data/2023/05/02/camera/idot_trucks/A32095/A32095_202305022130.jpg,0.9992712140083313,0.0007199583342298865,4.589694526657695e-06,4.201478986942675e-06,0.4
183,Bare,Bare,-93.579307,41.649538001,https://mesonet.agron.iastate.edu/archive/data/2023/05/03/camera/idot_trucks/A35243/A35243_202305030110.jpg,0.9965537786483765,0.0032329135574400425,0.000213345731026493,4.0953757718398265e-08,0.4
184,Bare,Bare,-93.598717,41.649823001,https://mesonet.agron.iastate.edu/archive/data/2023/05/03/camera/idot_trucks/A35242/A35242_202305030138.jpg,0.961919903755188,0.008253969252109528,1.4769479093956761e-05,0.029811441898345947,0.4
185,Bare,Bare,-93.600763,41.650053001,https://mesonet.agron.iastate.edu/archive/data/2023/05/03/camera/idot_trucks/A35242/A35242_202305030203.jpg,0.9983103275299072,4.3362756514397915e-06,8.889559103408828e-05,0.0015965523198246956,0.4
186,Full Snow Coverage,Full Snow Coverage,-93.6519,41.649950001,https://mesonet.agron.iastate.edu/archive/data/2023/05/03/camera/idot_trucks/A35242/A35242_202305030243.jpg,0.034160636365413666,0.00013602583203464746,0.00018591356638353318,0.9655174612998962,0.4
187,Bare,Bare,-93.605257,41.649798001,https://mesonet.agron.iastate.edu/archive/data/2023/05/03/camera/idot_trucks/A35242/A35242_202305030248.jpg,0.8568435311317444,0.009590789675712585,0.011971931904554367,0.12159378826618195,0.4
188,Full Snow Coverage,Full Snow Coverage,-93.630928,41.649602001,https://mesonet.agron.iastate.edu/archive/data/2023/05/03/camera/idot_trucks/A35242/A35242_202305030253.jpg,0.11588849127292633,5.400588179327315e-06,3.651986116892658e-05,0.884069561958313,0.4
189,Full Snow Coverage,Full Snow Coverage,-93.62311,41.649113001,https://mesonet.agron.iastate.edu/archive/data/2023/05/03/camera/idot_trucks/A35242/A35242_202305030303.jpg,0.011846021749079227,0.03918767720460892,0.0014697291189804673,0.9474965929985046,0.4
190,Partly Snow Coverage,Partly Snow Coverage,-93.575487,41.650027001,https://mesonet.agron.iastate.edu/archive/data/2023/05/03/camera/idot_trucks/A35243/A35243_202305030316.jpg,0.2280796468257904,0.7634919285774231,0.0005511610652320087,0.00787723995745182,0.4
191,Partly Snow Coverage,Partly Snow Coverage,-93.577667,41.671962001,https://mesonet.agron.iastate.edu/archive/data/2023/05/03/camera/idot_trucks/A35243/A35243_202305030326.jpg,0.06990431994199753,0.9023427963256836,9.606523235561326e-05,0.02765684947371483,0.4
192,Bare,Bare,-93.575673,41.689282001,https://mesonet.agron.iastate.edu/archive/data/2023/05/03/camera/idot_trucks/A35243/A35243_202305030336.jpg,0.9512137770652771,0.048127513378858566,0.00027822155971080065,0.00038042597589083016,0.4
193,Bare,Bare,-93.575965,41.704972001,https://mesonet.agron.iastate.edu/archive/data/2023/05/03/camera/idot_trucks/A35243/A35243_202305030346.jpg,0.9992775321006775,0.00048643103218637407,0.0002233478589914739,1.280814285564702e-05,0.4
194,Partly Snow Coverage,Partly Snow Coverage,-93.576693,41.731198001,https://mesonet.agron.iastate.edu/archive/data/2023/05/03/camera/idot_trucks/A35243/A35243_202305030411.jpg,0.05957574024796486,0.940420925617218,3.0738699479115894e-06,3.306843154859962e-07,0.4
195,Bare,Bare,-93.577187,41.742382001,https://mesonet.agron.iastate.edu/archive/data/2023/05/03/camera/idot_trucks/A35243/A35243_202305030416.jpg,0.9984930753707886,0.0015067794593051076,1.4224674771412538e-07,1.1094761553920307e-08,0.4
196,Full Snow Coverage,Full Snow Coverage,-93.57346,41.750535001,https://mesonet.agron.iastate.edu/archive/data/2023/05/03/camera/idot_trucks/A35243/A35243_202305030421.jpg,0.0019081792561337352,0.11857659369707108,6.383102299878374e-05,0.879451334476471,0.4
197,Bare,Bare,-93.575467,41.747198001,https://mesonet.agron.iastate.edu/archive/data/2023/05/03/camera/idot_trucks/A35243/A35243_202305030431.jpg,0.9999939203262329,5.22985737916315e-06,1.9535738715603657e-07,6.528857738885563e-07,0.4
198,Partly Snow Coverage,Partly Snow Coverage,-93.577555,41.734352001,https://mesonet.agron.iastate.edu/archive/data/2023/05/03/camera/idot_trucks/A35243/A35243_202305030436.jpg,0.02536414936184883,0.8894403576850891,0.008537796325981617,0.07665770500898361,0.4
199,Full Snow Coverage,Full Snow Coverage,-93.57671,41.711260001,https://mesonet.agron.iastate.edu/archive/data/2023/05/03/camera/idot_trucks/A35243/A35243_202305030451.jpg,1.5183314644673374e-05,6.835251724623959e-07,7.28924874238146e-07,0.9999834299087524,0.4
200,Bare,Bare,-93.576393,41.697777001,https://mesonet.agron.iastate.edu/archive/data/2023/05/03/camera/idot_trucks/A35243/A35243_202305030456.jpg,0.9509021639823914,0.045379575341939926,0.0005230288370512426,0.0031951721757650375,0.4
201,Bare,Bare,-93.576108,41.686918001,https://mesonet.agron.iastate.edu/archive/data/2023/05/03/camera/idot_trucks/A35243/A35243_202305030501.jpg,0.8219354748725891,0.003790144808590412,0.0005512099014595151,0.17372310161590576,0.4
202,Bare,Bare,-93.576578,41.682670001,https://mesonet.agron.iastate.edu/archive/data/2023/05/03/camera/idot_trucks/A35243/A35243_202305030511.jpg,0.999817430973053,3.5162197491445113e-06,3.3808693842729554e-05,0.0001451711286790669,0.4
203,Bare,Bare,-93.57826,41.672708001,https://mesonet.agron.iastate.edu/archive/data/2023/05/03/camera/idot_trucks/A35243/A35243_202305030516.jpg,0.9991773962974548,6.390353519236669e-06,0.0007272455841302872,8.891511970432475e-05,0.4
204,Bare,Bare,-93.604063,41.648723001,https://mesonet.agron.iastate.edu/archive/data/2023/05/03/camera/idot_trucks/A35242/A35242_202305030528.jpg,0.4398154020309448,0.04111776500940323,0.08600018173456192,0.4330666959285736,0.4
205,Bare,Bare,-93.619937,41.651423001,https://mesonet.agron.iastate.edu/archive/data/2023/05/03/camera/idot_trucks/A35243/A35243_202305030546.jpg,0.9835277795791626,0.012500235810875893,2.1071284209028818e-05,0.003950881771743298,0.4
206,Bare,Bare,-93.575618,41.660888001,https://mesonet.agron.iastate.edu/archive/data/2023/05/03/camera/idot_trucks/A35242/A35242_202305030553.jpg,0.8900169134140015,3.1877851142780855e-05,0.0001453665754524991,0.10980592668056488,0.4
